nohup: ignoring input
Warning, evicting all subscribers!
🔍 DEBUG: Canales configurados:
   - Canales habilitados: 9
   - carControl: telemetry_mqtt/{0}/carControl
   - carState: telemetry_mqtt/{0}/carState
   - controlsState: telemetry_mqtt/{0}/controlsState
   - liveCalibration: telemetry_mqtt/{0}/liveCalibration
   - gpsLocationExternal: telemetry_mqtt/{0}/gpsLocationExternal
   - gpsLocation: telemetry_mqtt/{0}/gpsLocation
   - navInstruction: telemetry_mqtt/{0}/navInstruction
   - radarState: telemetry_mqtt/{0}/radarState
   - drivingModelData: telemetry_mqtt/{0}/drivingModelData
   - Lista suscripciones: ['carControl', 'carState', 'controlsState', 'liveCalibration', 'gpsLocationExternal', 'gpsLocation', 'navInstruction', 'radarState', 'drivingModelData']
✅ Conectado al broker MQTT
📡 Suscrito a topics de comandos de intervalos y cambio de carril
🔌 MQTT conectado
📡 Estado inicial intervalos enviado: off
📡 Estado inicial cambio de carril: NINGUNO
📊 Resumen de telemetría enviado: telemetry_mqtt/UnregisteredDevice/resumen_principal
📊 Resumen de telemetría enviado: telemetry_mqtt/UnregisteredDevice/resumen_principal
📊 Resumen de telemetría enviado: telemetry_mqtt/UnregisteredDevice/resumen_principal
✅ IZQUIERDA activado
📊 Resumen de telemetría enviado: telemetry_mqtt/UnregisteredDevice/resumen_principal
🛑 Cambio de carril cancelado (left=false)
✅ Cambio de carril forzado a la DERECHA
🛑 Cambio de carril cancelado (right=false)
📊 Resumen de telemetría enviado: telemetry_mqtt/UnregisteredDevice/resumen_principal
✅ IZQUIERDA activado
📊 Resumen de telemetría enviado: telemetry_mqtt/UnregisteredDevice/resumen_principal
📊 Resumen de telemetría enviado: telemetry_mqtt/UnregisteredDevice/resumen_principal
🛑 Cambio de carril cancelado (left=false)
📊 Resumen de telemetría enviado: telemetry_mqtt/UnregisteredDevice/resumen_principal
📊 Resumen de telemetría enviado: telemetry_mqtt/UnregisteredDevice/resumen_principal
📊 Resumen de telemetría enviado: telemetry_mqtt/UnregisteredDevice/resumen_principal
📊 Resumen de telemetría enviado: telemetry_mqtt/UnregisteredDevice/resumen_principal
✅ IZQUIERDA activado
🛑 Cambio de carril cancelado (left=false)
📊 Resumen de telemetría enviado: telemetry_mqtt/UnregisteredDevice/resumen_principal
📊 Resumen de telemetría enviado: telemetry_mqtt/UnregisteredDevice/resumen_principal
✅ IZQUIERDA activado
📊 Resumen de telemetría enviado: telemetry_mqtt/UnregisteredDevice/resumen_principal
🛑 Cambio de carril cancelado (left=false)
📊 Resumen de telemetría enviado: telemetry_mqtt/UnregisteredDevice/resumen_principal
📊 Resumen de telemetría enviado: telemetry_mqtt/UnregisteredDevice/resumen_principal
📤 Enviando a telemetry_mqtt/UnregisteredDevice/gpsLocationExternal: {'latitude': 32.75313510781259, 'longitude': -117.2094943365393, 'altitude': 0.0, 'dongle_id': 'UnregisteredDevice', 'timestamp': 1757517930.9454663, 'gps_valid': True, 'gps_coords': '32.753135,-117.209494'}
📊 Resumen de telemetría enviado: telemetry_mqtt/UnregisteredDevice/resumen_principal
📤 Enviando a telemetry_mqtt/UnregisteredDevice/liveCalibration: {'calStatus': 'calibrated', 'calPerc': 100, 'dongle_id': 'UnregisteredDevice', 'timestamp': 1757517931.9547088}
📤 Enviando a telemetry_mqtt/UnregisteredDevice/gpsLocationExternal: {'latitude': 32.75313511491746, 'longitude': -117.2094943365393, 'altitude': 0.0, 'dongle_id': 'UnregisteredDevice', 'timestamp': 1757517931.9551291, 'gps_valid': True, 'gps_coords': '32.753135,-117.209494'}
📤 Enviando a telemetry_mqtt/UnregisteredDevice/navInstruction: {'distanceRemaining': 0.0, 'maneuverDistance': 0.0, 'speedLimit': 0.0, 'timeRemaining': 0.0, 'dongle_id': 'UnregisteredDevice', 'timestamp': 1757517931.9553342}
🚗 VELOCIDAD: 0.00 m/s = 0.0 km/h
📤 Enviando a telemetry_mqtt/UnregisteredDevice/carState: {'aEgo': -0.005823914892971516, 'cruiseState': {'enabled': False, 'speed': 0.0, 'available': True, 'speedOffset': 0.0, 'standstill': False, 'nonAdaptive': False, 'speedCluster': 0.0, 'speedLimit': 0.0}, 'leftBlinker': False, 'rightBlinker': False, 'vEgo': 0.003635575296357274, 'vEgoCluster': 0.003635575296357274, 'leftBlindspot': False, 'rightBlindspot': False, 'standstill': False, 'steeringAngleDeg': 0.0, 'steeringTorque': 0.0, 'steeringPressed': False, 'gasPressed': False, 'brakePressed': False, 'canValid': True, 'gearShifter': 'drive', 'steerFaultTemporary': False, 'steerFaultPermanent': False, 'dongle_id': 'UnregisteredDevice', 'timestamp': 1757517932.9568372, 'vEgo_kmh': 0.013088071066886187, 'aEgo_ms2': -0.005823914892971516}
📤 Enviando a telemetry_mqtt/UnregisteredDevice/liveCalibration: {'calStatus': 'calibrated', 'calPerc': 100, 'dongle_id': 'UnregisteredDevice', 'timestamp': 1757517932.9572127}
📤 Enviando a telemetry_mqtt/UnregisteredDevice/gpsLocationExternal: {'latitude': 32.753135122022336, 'longitude': -117.2094943365393, 'altitude': 0.0, 'dongle_id': 'UnregisteredDevice', 'timestamp': 1757517932.9575262, 'gps_valid': True, 'gps_coords': '32.753135,-117.209494'}
📤 Enviando a telemetry_mqtt/UnregisteredDevice/navInstruction: {'distanceRemaining': 0.0, 'maneuverDistance': 0.0, 'speedLimit': 0.0, 'timeRemaining': 0.0, 'dongle_id': 'UnregisteredDevice', 'timestamp': 1757517932.957667}
📤 Enviando a telemetry_mqtt/UnregisteredDevice/carControl: {'actuators': {'gas': 0.0, 'brake': 0.0, 'steer': 0.0, 'steeringAngleDeg': -22.698869705200195, 'accel': 0.8719939589500427, 'longControlState': 'pid', 'speed': 0.0, 'curvature': 0.007261601276695728, 'steerOutputCan': 0.0}, 'hudControl': {'speedVisible': True, 'setSpeed': 40.27777862548828, 'lanesVisible': True, 'leadVisible': False, 'visualAlert': 'none', 'audibleAlert': 'none', 'rightLaneVisible': True, 'leftLaneVisible': True, 'rightLaneDepart': False, 'leftLaneDepart': False, 'leadDistanceBars': 3}, 'dongle_id': 'UnregisteredDevice', 'timestamp': 1757517933.9585483, 'setSpeed_ms': 40.27777862548828, 'setSpeed_kmh': 145.00000305175783}
🚗 VELOCIDAD: 0.29 m/s = 1.1 km/h
📤 Enviando a telemetry_mqtt/UnregisteredDevice/carState: {'aEgo': 0.911489725112915, 'cruiseState': {'enabled': True, 'speed': 0.0, 'available': True, 'speedOffset': 0.0, 'standstill': False, 'nonAdaptive': False, 'speedCluster': 0.0, 'speedLimit': 0.0}, 'leftBlinker': False, 'rightBlinker': False, 'vEgo': 0.2937368154525757, 'vEgoCluster': 0.2937368154525757, 'leftBlindspot': False, 'rightBlindspot': False, 'standstill': False, 'steeringAngleDeg': -1.399999976158142, 'steeringTorque': 0.0, 'steeringPressed': False, 'gasPressed': False, 'brakePressed': False, 'canValid': True, 'gearShifter': 'drive', 'steerFaultTemporary': False, 'steerFaultPermanent': False, 'dongle_id': 'UnregisteredDevice', 'timestamp': 1757517933.9592655, 'vEgo_kmh': 1.0574525356292725, 'aEgo_ms2': 0.911489725112915}
📤 Enviando a telemetry_mqtt/UnregisteredDevice/controlsState: {'active': True, 'alertText1': 'WARNING: This branch is not tested', 'alertText2': 'adripilot', 'alertSize': 'mid', 'alertStatus': 'userPrompt', 'alertBlinkingRate': 0.0, 'alertType': 'startupMaster/permanent', 'alertSound': 'none', 'vCruise': 145.0, 'longControlState': 'pid', 'vTargetLead': 0.0, 'upAccelCmd': -0.0, 'uiAccelCmd': 0.0, 'ufAccelCmd': 0.8719939589500427, 'aTarget': 0.0, 'cumLagMs': -1.0671173334121704, 'experimentalMode': True, 'personality': 'relaxed', 'dongle_id': 'UnregisteredDevice', 'timestamp': 1757517933.95969}
📤 Enviando a telemetry_mqtt/UnregisteredDevice/liveCalibration: {'calStatus': 'calibrated', 'calPerc': 100, 'dongle_id': 'UnregisteredDevice', 'timestamp': 1757517933.9599082}
📤 Enviando a telemetry_mqtt/UnregisteredDevice/gpsLocationExternal: {'latitude': 32.75313541183443, 'longitude': -117.20949439812281, 'altitude': 0.0, 'dongle_id': 'UnregisteredDevice', 'timestamp': 1757517933.960012, 'gps_valid': True, 'gps_coords': '32.753135,-117.209494'}
📤 Enviando a telemetry_mqtt/UnregisteredDevice/navInstruction: {'distanceRemaining': 0.0, 'maneuverDistance': 0.0, 'speedLimit': 0.0, 'timeRemaining': 0.0, 'dongle_id': 'UnregisteredDevice', 'timestamp': 1757517933.9601347}
📤 Enviando a telemetry_mqtt/UnregisteredDevice/radarState: {'radarErrors': [], 'dongle_id': 'UnregisteredDevice', 'timestamp': 1757517933.9603126}
📤 Enviando a telemetry_mqtt/UnregisteredDevice/drivingModelData: {'laneLineMeta': {'leftY': -1.7527973651885986, 'rightY': 1.6055344343185425, 'leftProb': 0.21595320105552673, 'rightProb': 0.2825090289115906}, 'dongle_id': 'UnregisteredDevice', 'timestamp': 1757517933.960862}
📤 Enviando a telemetry_mqtt/UnregisteredDevice/carControl: {'actuators': {'gas': 0.0, 'brake': 0.0, 'steer': -1.0, 'steeringAngleDeg': -3.286350727081299, 'accel': 2.0, 'longControlState': 'pid', 'speed': 0.0, 'curvature': -0.0005655876011587679, 'steerOutputCan': 0.0}, 'hudControl': {'speedVisible': True, 'setSpeed': 40.27777862548828, 'lanesVisible': True, 'leadVisible': False, 'visualAlert': 'none', 'audibleAlert': 'none', 'rightLaneVisible': True, 'leftLaneVisible': True, 'rightLaneDepart': False, 'leftLaneDepart': False, 'leadDistanceBars': 3}, 'dongle_id': 'UnregisteredDevice', 'timestamp': 1757517934.9618962, 'setSpeed_ms': 40.27777862548828, 'setSpeed_kmh': 145.00000305175783}
🚗 VELOCIDAD: 2.26 m/s = 8.1 km/h
📤 Enviando a telemetry_mqtt/UnregisteredDevice/carState: {'aEgo': 2.768596649169922, 'cruiseState': {'enabled': True, 'speed': 0.0, 'available': True, 'speedOffset': 0.0, 'standstill': False, 'nonAdaptive': False, 'speedCluster': 0.0, 'speedLimit': 0.0}, 'leftBlinker': False, 'rightBlinker': False, 'vEgo': 2.2584807872772217, 'vEgoCluster': 2.2584807872772217, 'leftBlindspot': False, 'rightBlindspot': False, 'standstill': False, 'steeringAngleDeg': -0.800000011920929, 'steeringTorque': 0.0, 'steeringPressed': False, 'gasPressed': False, 'brakePressed': False, 'canValid': True, 'gearShifter': 'drive', 'steerFaultTemporary': False, 'steerFaultPermanent': False, 'dongle_id': 'UnregisteredDevice', 'timestamp': 1757517934.9624064, 'vEgo_kmh': 8.130530834197998, 'aEgo_ms2': 2.768596649169922}
📤 Enviando a telemetry_mqtt/UnregisteredDevice/controlsState: {'active': True, 'alertText1': 'WARNING: This branch is not tested', 'alertText2': 'adripilot', 'alertSize': 'mid', 'alertStatus': 'userPrompt', 'alertBlinkingRate': 0.0, 'alertType': 'startupMaster/permanent', 'alertSound': 'none', 'vCruise': 145.0, 'longControlState': 'pid', 'vTargetLead': 0.0, 'upAccelCmd': -0.0, 'uiAccelCmd': 0.0, 'ufAccelCmd': 2.13662052154541, 'aTarget': 0.0, 'cumLagMs': -1.2000212669372559, 'experimentalMode': True, 'personality': 'relaxed', 'dongle_id': 'UnregisteredDevice', 'timestamp': 1757517934.962892}
📤 Enviando a telemetry_mqtt/UnregisteredDevice/liveCalibration: {'calStatus': 'calibrated', 'calPerc': 100, 'dongle_id': 'UnregisteredDevice', 'timestamp': 1757517934.9631443}
📤 Enviando a telemetry_mqtt/UnregisteredDevice/gpsLocationExternal: {'latitude': 32.753144448213284, 'longitude': -117.20949454226115, 'altitude': 0.0, 'dongle_id': 'UnregisteredDevice', 'timestamp': 1757517934.963396, 'gps_valid': True, 'gps_coords': '32.753144,-117.209495'}
📤 Enviando a telemetry_mqtt/UnregisteredDevice/navInstruction: {'distanceRemaining': 0.0, 'maneuverDistance': 0.0, 'speedLimit': 0.0, 'timeRemaining': 0.0, 'dongle_id': 'UnregisteredDevice', 'timestamp': 1757517934.9636521}
📤 Enviando a telemetry_mqtt/UnregisteredDevice/radarState: {'radarErrors': [], 'dongle_id': 'UnregisteredDevice', 'timestamp': 1757517934.9638112}
📤 Enviando a telemetry_mqtt/UnregisteredDevice/drivingModelData: {'laneLineMeta': {'leftY': -1.7529631853103638, 'rightY': 1.607073187828064, 'leftProb': 0.5628892779350281, 'rightProb': 0.6388700604438782}, 'dongle_id': 'UnregisteredDevice', 'timestamp': 1757517934.9639604}
📤 Enviando a telemetry_mqtt/UnregisteredDevice/carControl: {'actuators': {'gas': 0.0, 'brake': 0.0, 'steer': -0.6934525370597839, 'steeringAngleDeg': -0.7391488552093506, 'accel': 1.7001702785491943, 'longControlState': 'pid', 'speed': 0.0, 'curvature': -0.0009965634671971202, 'steerOutputCan': 0.0}, 'hudControl': {'speedVisible': True, 'setSpeed': 40.27777862548828, 'lanesVisible': True, 'leadVisible': False, 'visualAlert': 'none', 'audibleAlert': 'none', 'rightLaneVisible': True, 'leftLaneVisible': True, 'rightLaneDepart': False, 'leftLaneDepart': False, 'leadDistanceBars': 3}, 'dongle_id': 'UnregisteredDevice', 'timestamp': 1757517935.9651709, 'setSpeed_ms': 40.27777862548828, 'setSpeed_kmh': 145.00000305175783}
🚗 VELOCIDAD: 5.04 m/s = 18.2 km/h
📤 Enviando a telemetry_mqtt/UnregisteredDevice/carState: {'aEgo': 2.527285099029541, 'cruiseState': {'enabled': True, 'speed': 0.0, 'available': True, 'speedOffset': 0.0, 'standstill': False, 'nonAdaptive': False, 'speedCluster': 0.0, 'speedLimit': 0.0}, 'leftBlinker': False, 'rightBlinker': False, 'vEgo': 5.0420002937316895, 'vEgoCluster': 5.0420002937316895, 'leftBlindspot': False, 'rightBlindspot': False, 'standstill': False, 'steeringAngleDeg': 0.10000000149011612, 'steeringTorque': 0.0, 'steeringPressed': False, 'gasPressed': False, 'brakePressed': False, 'canValid': True, 'gearShifter': 'drive', 'steerFaultTemporary': False, 'steerFaultPermanent': False, 'dongle_id': 'UnregisteredDevice', 'timestamp': 1757517935.9656396, 'vEgo_kmh': 18.151201057434083, 'aEgo_ms2': 2.527285099029541}
📤 Enviando a telemetry_mqtt/UnregisteredDevice/controlsState: {'active': True, 'alertText1': 'WARNING: This branch is not tested', 'alertText2': 'adripilot', 'alertSize': 'mid', 'alertStatus': 'userPrompt', 'alertBlinkingRate': 0.0, 'alertType': 'startupMaster/permanent', 'alertSound': 'none', 'vCruise': 145.0, 'longControlState': 'pid', 'vTargetLead': 0.0, 'upAccelCmd': -0.0, 'uiAccelCmd': 0.0, 'ufAccelCmd': 1.7001702785491943, 'aTarget': 0.0, 'cumLagMs': -3.18855619430542, 'experimentalMode': True, 'personality': 'relaxed', 'dongle_id': 'UnregisteredDevice', 'timestamp': 1757517935.965969}
📤 Enviando a telemetry_mqtt/UnregisteredDevice/liveCalibration: {'calStatus': 'calibrated', 'calPerc': 100, 'dongle_id': 'UnregisteredDevice', 'timestamp': 1757517935.966218}
📤 Enviando a telemetry_mqtt/UnregisteredDevice/gpsLocationExternal: {'latitude': 32.75317824025125, 'longitude': -117.20949498519995, 'altitude': 0.0, 'dongle_id': 'UnregisteredDevice', 'timestamp': 1757517935.9664094, 'gps_valid': True, 'gps_coords': '32.753178,-117.209495'}
📤 Enviando a telemetry_mqtt/UnregisteredDevice/navInstruction: {'distanceRemaining': 0.0, 'maneuverDistance': 0.0, 'speedLimit': 0.0, 'timeRemaining': 0.0, 'dongle_id': 'UnregisteredDevice', 'timestamp': 1757517935.9665782}
📤 Enviando a telemetry_mqtt/UnregisteredDevice/radarState: {'radarErrors': [], 'dongle_id': 'UnregisteredDevice', 'timestamp': 1757517935.9668782}
📤 Enviando a telemetry_mqtt/UnregisteredDevice/drivingModelData: {'laneLineMeta': {'leftY': -1.7471963167190552, 'rightY': 1.5588493347167969, 'leftProb': 0.38073208928108215, 'rightProb': 0.47522374987602234}, 'dongle_id': 'UnregisteredDevice', 'timestamp': 1757517935.967071}
📊 Resumen de telemetría enviado: telemetry_mqtt/UnregisteredDevice/resumen_principal
📤 Enviando a telemetry_mqtt/UnregisteredDevice/carControl: {'actuators': {'gas': 0.0, 'brake': 0.0, 'steer': -1.0, 'steeringAngleDeg': -1.2212363481521606, 'accel': 1.5069013833999634, 'longControlState': 'pid', 'speed': 0.0, 'curvature': -0.0003505893109831959, 'steerOutputCan': 0.0}, 'hudControl': {'speedVisible': True, 'setSpeed': 40.27777862548828, 'lanesVisible': True, 'leadVisible': False, 'visualAlert': 'none', 'audibleAlert': 'none', 'rightLaneVisible': True, 'leftLaneVisible': True, 'rightLaneDepart': False, 'leftLaneDepart': False, 'leadDistanceBars': 3}, 'dongle_id': 'UnregisteredDevice', 'timestamp': 1757517936.96826, 'setSpeed_ms': 40.27777862548828, 'setSpeed_kmh': 145.00000305175783}
🚗 VELOCIDAD: 7.82 m/s = 28.1 km/h
📤 Enviando a telemetry_mqtt/UnregisteredDevice/carState: {'aEgo': 2.6040520668029785, 'cruiseState': {'enabled': True, 'speed': 0.0, 'available': True, 'speedOffset': 0.0, 'standstill': False, 'nonAdaptive': False, 'speedCluster': 0.0, 'speedLimit': 0.0}, 'leftBlinker': False, 'rightBlinker': False, 'vEgo': 7.815998077392578, 'vEgoCluster': 7.815998077392578, 'leftBlindspot': False, 'rightBlindspot': False, 'standstill': False, 'steeringAngleDeg': 0.10000000149011612, 'steeringTorque': 0.0, 'steeringPressed': False, 'gasPressed': False, 'brakePressed': False, 'canValid': True, 'gearShifter': 'drive', 'steerFaultTemporary': False, 'steerFaultPermanent': False, 'dongle_id': 'UnregisteredDevice', 'timestamp': 1757517936.9687073, 'vEgo_kmh': 28.137593078613282, 'aEgo_ms2': 2.6040520668029785}
📤 Enviando a telemetry_mqtt/UnregisteredDevice/controlsState: {'active': True, 'alertText1': 'WARNING: This branch is not tested', 'alertText2': 'adripilot', 'alertSize': 'mid', 'alertStatus': 'userPrompt', 'alertBlinkingRate': 0.0, 'alertType': 'startupMaster/permanent', 'alertSound': 'none', 'vCruise': 145.0, 'longControlState': 'pid', 'vTargetLead': 0.0, 'upAccelCmd': -0.0, 'uiAccelCmd': 0.0, 'ufAccelCmd': 1.5069013833999634, 'aTarget': 0.0, 'cumLagMs': -1.3878511190414429, 'experimentalMode': True, 'personality': 'relaxed', 'dongle_id': 'UnregisteredDevice', 'timestamp': 1757517936.969085}
📤 Enviando a telemetry_mqtt/UnregisteredDevice/liveCalibration: {'calStatus': 'calibrated', 'calPerc': 100, 'dongle_id': 'UnregisteredDevice', 'timestamp': 1757517936.9692144}
📤 Enviando a telemetry_mqtt/UnregisteredDevice/gpsLocationExternal: {'latitude': 32.75323964615793, 'longitude': -117.20949581416704, 'altitude': 0.0, 'dongle_id': 'UnregisteredDevice', 'timestamp': 1757517936.9693944, 'gps_valid': True, 'gps_coords': '32.753240,-117.209496'}
📤 Enviando a telemetry_mqtt/UnregisteredDevice/navInstruction: {'distanceRemaining': 0.0, 'maneuverDistance': 0.0, 'speedLimit': 0.0, 'timeRemaining': 0.0, 'dongle_id': 'UnregisteredDevice', 'timestamp': 1757517936.9695117}
📤 Enviando a telemetry_mqtt/UnregisteredDevice/radarState: {'radarErrors': [], 'dongle_id': 'UnregisteredDevice', 'timestamp': 1757517936.9697583}
📤 Enviando a telemetry_mqtt/UnregisteredDevice/drivingModelData: {'laneLineMeta': {'leftY': -1.7915750741958618, 'rightY': 1.403784155845642, 'leftProb': 0.427523672580719, 'rightProb': 0.5119428038597107}, 'dongle_id': 'UnregisteredDevice', 'timestamp': 1757517936.9700205}
📤 Enviando a telemetry_mqtt/UnregisteredDevice/carControl: {'actuators': {'gas': 0.0, 'brake': 0.0, 'steer': 1.0, 'steeringAngleDeg': 2.237928628921509, 'accel': 1.0648343563079834, 'longControlState': 'pid', 'speed': 0.0, 'curvature': -0.0015820848057046533, 'steerOutputCan': 0.0}, 'hudControl': {'speedVisible': True, 'setSpeed': 40.27777862548828, 'lanesVisible': True, 'leadVisible': False, 'visualAlert': 'none', 'audibleAlert': 'none', 'rightLaneVisible': True, 'leftLaneVisible': True, 'rightLaneDepart': False, 'leftLaneDepart': False, 'leadDistanceBars': 3}, 'dongle_id': 'UnregisteredDevice', 'timestamp': 1757517937.970708, 'setSpeed_ms': 40.27777862548828, 'setSpeed_kmh': 145.00000305175783}
🚗 VELOCIDAD: 10.00 m/s = 36.0 km/h
📤 Enviando a telemetry_mqtt/UnregisteredDevice/carState: {'aEgo': 1.9304839372634888, 'cruiseState': {'enabled': True, 'speed': 0.0, 'available': True, 'speedOffset': 0.0, 'standstill': False, 'nonAdaptive': False, 'speedCluster': 0.0, 'speedLimit': 0.0}, 'leftBlinker': False, 'rightBlinker': False, 'vEgo': 10.003910064697266, 'vEgoCluster': 10.003910064697266, 'leftBlindspot': False, 'rightBlindspot': False, 'standstill': False, 'steeringAngleDeg': 0.20000000298023224, 'steeringTorque': 0.0, 'steeringPressed': False, 'gasPressed': False, 'brakePressed': False, 'canValid': True, 'gearShifter': 'drive', 'steerFaultTemporary': False, 'steerFaultPermanent': False, 'dongle_id': 'UnregisteredDevice', 'timestamp': 1757517937.9709501, 'vEgo_kmh': 36.014076232910156, 'aEgo_ms2': 1.9304839372634888}
📤 Enviando a telemetry_mqtt/UnregisteredDevice/controlsState: {'active': True, 'alertSize': 'none', 'alertStatus': 'normal', 'alertBlinkingRate': 0.0, 'alertSound': 'none', 'vCruise': 145.0, 'longControlState': 'pid', 'vTargetLead': 0.0, 'upAccelCmd': -0.0, 'uiAccelCmd': 0.0, 'ufAccelCmd': 1.0648343563079834, 'aTarget': 0.0, 'cumLagMs': -0.27216607332229614, 'experimentalMode': True, 'personality': 'relaxed', 'dongle_id': 'UnregisteredDevice', 'timestamp': 1757517937.9711156}
📤 Enviando a telemetry_mqtt/UnregisteredDevice/liveCalibration: {'calStatus': 'calibrated', 'calPerc': 100, 'dongle_id': 'UnregisteredDevice', 'timestamp': 1757517937.9712217}
📤 Enviando a telemetry_mqtt/UnregisteredDevice/gpsLocationExternal: {'latitude': 32.75333188054056, 'longitude': -117.20949685083487, 'altitude': 0.0, 'dongle_id': 'UnregisteredDevice', 'timestamp': 1757517937.9713168, 'gps_valid': True, 'gps_coords': '32.753332,-117.209497'}
📤 Enviando a telemetry_mqtt/UnregisteredDevice/navInstruction: {'distanceRemaining': 0.0, 'maneuverDistance': 0.0, 'speedLimit': 0.0, 'timeRemaining': 0.0, 'dongle_id': 'UnregisteredDevice', 'timestamp': 1757517937.9714103}
📤 Enviando a telemetry_mqtt/UnregisteredDevice/radarState: {'radarErrors': [], 'dongle_id': 'UnregisteredDevice', 'timestamp': 1757517937.9715447}
📤 Enviando a telemetry_mqtt/UnregisteredDevice/drivingModelData: {'laneLineMeta': {'leftY': -1.8183627128601074, 'rightY': 1.3990051746368408, 'leftProb': 0.9642072916030884, 'rightProb': 0.9659484028816223}, 'dongle_id': 'UnregisteredDevice', 'timestamp': 1757517937.9716818}
📤 Enviando a telemetry_mqtt/UnregisteredDevice/carControl: {'actuators': {'gas': 0.0, 'brake': 0.0, 'steer': -0.5300246477127075, 'steeringAngleDeg': -0.6198359727859497, 'accel': 0.7836742997169495, 'longControlState': 'pid', 'speed': 0.0, 'curvature': -0.000361428945325315, 'steerOutputCan': 0.0}, 'hudControl': {'speedVisible': True, 'setSpeed': 40.27777862548828, 'lanesVisible': True, 'leadVisible': False, 'visualAlert': 'none', 'audibleAlert': 'none', 'rightLaneVisible': True, 'leftLaneVisible': True, 'rightLaneDepart': False, 'leftLaneDepart': False, 'leadDistanceBars': 3}, 'dongle_id': 'UnregisteredDevice', 'timestamp': 1757517938.9723866, 'setSpeed_ms': 40.27777862548828, 'setSpeed_kmh': 145.00000305175783}
🚗 VELOCIDAD: 11.53 m/s = 41.5 km/h
📤 Enviando a telemetry_mqtt/UnregisteredDevice/carState: {'aEgo': 1.4054100513458252, 'cruiseState': {'enabled': True, 'speed': 0.0, 'available': True, 'speedOffset': 0.0, 'standstill': False, 'nonAdaptive': False, 'speedCluster': 0.0, 'speedLimit': 0.0}, 'leftBlinker': False, 'rightBlinker': False, 'vEgo': 11.531933784484863, 'vEgoCluster': 11.531933784484863, 'leftBlindspot': False, 'rightBlindspot': False, 'standstill': False, 'steeringAngleDeg': 0.10000000149011612, 'steeringTorque': 0.0, 'steeringPressed': False, 'gasPressed': False, 'brakePressed': False, 'canValid': True, 'gearShifter': 'drive', 'steerFaultTemporary': False, 'steerFaultPermanent': False, 'dongle_id': 'UnregisteredDevice', 'timestamp': 1757517938.9727268, 'vEgo_kmh': 41.514961624145506, 'aEgo_ms2': 1.4054100513458252}
📤 Enviando a telemetry_mqtt/UnregisteredDevice/controlsState: {'active': True, 'alertSize': 'none', 'alertStatus': 'normal', 'alertBlinkingRate': 0.0, 'alertSound': 'none', 'vCruise': 145.0, 'longControlState': 'pid', 'vTargetLead': 0.0, 'upAccelCmd': -0.0, 'uiAccelCmd': 0.0, 'ufAccelCmd': 0.7836742997169495, 'aTarget': 0.0, 'cumLagMs': -3.160612106323242, 'experimentalMode': True, 'personality': 'relaxed', 'dongle_id': 'UnregisteredDevice', 'timestamp': 1757517938.9730065}
📤 Enviando a telemetry_mqtt/UnregisteredDevice/liveCalibration: {'calStatus': 'calibrated', 'calPerc': 100, 'dongle_id': 'UnregisteredDevice', 'timestamp': 1757517938.9731941}
📤 Enviando a telemetry_mqtt/UnregisteredDevice/gpsLocationExternal: {'latitude': 32.75343901169748, 'longitude': -117.20949746525862, 'altitude': 0.0, 'dongle_id': 'UnregisteredDevice', 'timestamp': 1757517938.9735644, 'gps_valid': True, 'gps_coords': '32.753439,-117.209497'}
📤 Enviando a telemetry_mqtt/UnregisteredDevice/navInstruction: {'distanceRemaining': 0.0, 'maneuverDistance': 0.0, 'speedLimit': 0.0, 'timeRemaining': 0.0, 'dongle_id': 'UnregisteredDevice', 'timestamp': 1757517938.9737}
📤 Enviando a telemetry_mqtt/UnregisteredDevice/radarState: {'radarErrors': [], 'dongle_id': 'UnregisteredDevice', 'timestamp': 1757517938.9740176}
📤 Enviando a telemetry_mqtt/UnregisteredDevice/drivingModelData: {'laneLineMeta': {'leftY': -1.9165799617767334, 'rightY': 1.4210110902786255, 'leftProb': 0.9849306344985962, 'rightProb': 0.9924492835998535}, 'dongle_id': 'UnregisteredDevice', 'timestamp': 1757517938.974255}
📤 Enviando a telemetry_mqtt/UnregisteredDevice/carControl: {'actuators': {'gas': 0.0, 'brake': 0.0, 'steer': 0.19408126175403595, 'steeringAngleDeg': 0.18765594065189362, 'accel': 0.7442198991775513, 'longControlState': 'pid', 'speed': 0.0, 'curvature': -0.0005870035965926945, 'steerOutputCan': 0.0}, 'hudControl': {'speedVisible': True, 'setSpeed': 40.27777862548828, 'lanesVisible': True, 'leadVisible': False, 'visualAlert': 'none', 'audibleAlert': 'none', 'rightLaneVisible': True, 'leftLaneVisible': True, 'rightLaneDepart': False, 'leftLaneDepart': False, 'leadDistanceBars': 3}, 'dongle_id': 'UnregisteredDevice', 'timestamp': 1757517939.9748635, 'setSpeed_ms': 40.27777862548828, 'setSpeed_kmh': 145.00000305175783}
🚗 VELOCIDAD: 12.86 m/s = 46.3 km/h
📤 Enviando a telemetry_mqtt/UnregisteredDevice/carState: {'aEgo': 1.2620071172714233, 'cruiseState': {'enabled': True, 'speed': 0.0, 'available': True, 'speedOffset': 0.0, 'standstill': False, 'nonAdaptive': False, 'speedCluster': 0.0, 'speedLimit': 0.0}, 'leftBlinker': False, 'rightBlinker': False, 'vEgo': 12.862427711486816, 'vEgoCluster': 12.862427711486816, 'leftBlindspot': False, 'rightBlindspot': False, 'standstill': False, 'steeringAngleDeg': 0.0, 'steeringTorque': 0.0, 'steeringPressed': False, 'gasPressed': False, 'brakePressed': False, 'canValid': True, 'gearShifter': 'drive', 'steerFaultTemporary': False, 'steerFaultPermanent': False, 'dongle_id': 'UnregisteredDevice', 'timestamp': 1757517939.9751475, 'vEgo_kmh': 46.30473976135254, 'aEgo_ms2': 1.2620071172714233}
📤 Enviando a telemetry_mqtt/UnregisteredDevice/controlsState: {'active': True, 'alertSize': 'none', 'alertStatus': 'normal', 'alertBlinkingRate': 0.0, 'alertSound': 'none', 'vCruise': 145.0, 'longControlState': 'pid', 'vTargetLead': 0.0, 'upAccelCmd': -0.0, 'uiAccelCmd': 0.0, 'ufAccelCmd': 0.7442198991775513, 'aTarget': 0.0, 'cumLagMs': -2.3254048824310303, 'experimentalMode': True, 'personality': 'relaxed', 'dongle_id': 'UnregisteredDevice', 'timestamp': 1757517939.9753985}
📤 Enviando a telemetry_mqtt/UnregisteredDevice/liveCalibration: {'calStatus': 'calibrated', 'calPerc': 100, 'dongle_id': 'UnregisteredDevice', 'timestamp': 1757517939.9755988}
📤 Enviando a telemetry_mqtt/UnregisteredDevice/gpsLocationExternal: {'latitude': 32.75356014920206, 'longitude': -117.20949789503672, 'altitude': 0.0, 'dongle_id': 'UnregisteredDevice', 'timestamp': 1757517939.9756806, 'gps_valid': True, 'gps_coords': '32.753560,-117.209498'}
📤 Enviando a telemetry_mqtt/UnregisteredDevice/navInstruction: {'distanceRemaining': 0.0, 'maneuverDistance': 0.0, 'speedLimit': 0.0, 'timeRemaining': 0.0, 'dongle_id': 'UnregisteredDevice', 'timestamp': 1757517939.975779}
📤 Enviando a telemetry_mqtt/UnregisteredDevice/radarState: {'radarErrors': [], 'dongle_id': 'UnregisteredDevice', 'timestamp': 1757517939.9759464}
📤 Enviando a telemetry_mqtt/UnregisteredDevice/drivingModelData: {'laneLineMeta': {'leftY': -1.958314299583435, 'rightY': 1.370907187461853, 'leftProb': 0.9611437320709229, 'rightProb': 0.979322612285614}, 'dongle_id': 'UnregisteredDevice', 'timestamp': 1757517939.9761126}
📤 Enviando a telemetry_mqtt/UnregisteredDevice/carControl: {'actuators': {'gas': 0.0, 'brake': 0.0, 'steer': -0.865035891532898, 'steeringAngleDeg': -1.0586026906967163, 'accel': 0.6367624402046204, 'longControlState': 'pid', 'speed': 0.0, 'curvature': -4.195436849840917e-05, 'steerOutputCan': 0.0}, 'hudControl': {'speedVisible': True, 'setSpeed': 40.27777862548828, 'lanesVisible': True, 'leadVisible': False, 'visualAlert': 'none', 'audibleAlert': 'none', 'rightLaneVisible': True, 'leftLaneVisible': True, 'rightLaneDepart': False, 'leftLaneDepart': False, 'leadDistanceBars': 3}, 'dongle_id': 'UnregisteredDevice', 'timestamp': 1757517940.976945, 'setSpeed_ms': 40.27777862548828, 'setSpeed_kmh': 145.00000305175783}
🚗 VELOCIDAD: 14.13 m/s = 50.9 km/h
📤 Enviando a telemetry_mqtt/UnregisteredDevice/carState: {'aEgo': 1.2570931911468506, 'cruiseState': {'enabled': True, 'speed': 0.0, 'available': True, 'speedOffset': 0.0, 'standstill': False, 'nonAdaptive': False, 'speedCluster': 0.0, 'speedLimit': 0.0}, 'leftBlinker': False, 'rightBlinker': False, 'vEgo': 14.128902435302734, 'vEgoCluster': 14.128902435302734, 'leftBlindspot': False, 'rightBlindspot': False, 'standstill': False, 'steeringAngleDeg': 0.0, 'steeringTorque': 0.0, 'steeringPressed': False, 'gasPressed': False, 'brakePressed': False, 'canValid': True, 'gearShifter': 'drive', 'steerFaultTemporary': False, 'steerFaultPermanent': False, 'dongle_id': 'UnregisteredDevice', 'timestamp': 1757517940.9772766, 'vEgo_kmh': 50.86404876708985, 'aEgo_ms2': 1.2570931911468506}
📤 Enviando a telemetry_mqtt/UnregisteredDevice/controlsState: {'active': True, 'alertSize': 'none', 'alertStatus': 'normal', 'alertBlinkingRate': 0.0, 'alertSound': 'none', 'vCruise': 145.0, 'longControlState': 'pid', 'vTargetLead': 0.0, 'upAccelCmd': -0.0, 'uiAccelCmd': 0.0, 'ufAccelCmd': 0.6367624402046204, 'aTarget': 0.0, 'cumLagMs': -1.848262906074524, 'experimentalMode': True, 'personality': 'relaxed', 'dongle_id': 'UnregisteredDevice', 'timestamp': 1757517940.9775167}
📤 Enviando a telemetry_mqtt/UnregisteredDevice/liveCalibration: {'calStatus': 'calibrated', 'calPerc': 100, 'dongle_id': 'UnregisteredDevice', 'timestamp': 1757517940.9776142}
📤 Enviando a telemetry_mqtt/UnregisteredDevice/gpsLocationExternal: {'latitude': 32.753694225702, 'longitude': -117.20949843299964, 'altitude': 0.0, 'dongle_id': 'UnregisteredDevice', 'timestamp': 1757517940.9777253, 'gps_valid': True, 'gps_coords': '32.753694,-117.209498'}
📤 Enviando a telemetry_mqtt/UnregisteredDevice/navInstruction: {'distanceRemaining': 0.0, 'maneuverDistance': 0.0, 'speedLimit': 0.0, 'timeRemaining': 0.0, 'dongle_id': 'UnregisteredDevice', 'timestamp': 1757517940.9778144}
📤 Enviando a telemetry_mqtt/UnregisteredDevice/radarState: {'radarErrors': [], 'dongle_id': 'UnregisteredDevice', 'timestamp': 1757517940.977951}
📤 Enviando a telemetry_mqtt/UnregisteredDevice/drivingModelData: {'laneLineMeta': {'leftY': -1.9824367761611938, 'rightY': 1.3555347919464111, 'leftProb': 0.9679343700408936, 'rightProb': 0.9863515496253967}, 'dongle_id': 'UnregisteredDevice', 'timestamp': 1757517940.978085}
📊 Resumen de telemetría enviado: telemetry_mqtt/UnregisteredDevice/resumen_principal
📤 Enviando a telemetry_mqtt/UnregisteredDevice/carControl: {'actuators': {'gas': 0.0, 'brake': 0.0, 'steer': 0.2799338400363922, 'steeringAngleDeg': 0.3869766891002655, 'accel': 0.075870081782341, 'longControlState': 'pid', 'speed': 0.0, 'curvature': -0.0005931140040047467, 'steerOutputCan': 0.0}, 'hudControl': {'speedVisible': True, 'setSpeed': 40.27777862548828, 'lanesVisible': True, 'leadVisible': False, 'visualAlert': 'none', 'audibleAlert': 'none', 'rightLaneVisible': True, 'leftLaneVisible': True, 'rightLaneDepart': False, 'leftLaneDepart': False, 'leadDistanceBars': 3}, 'dongle_id': 'UnregisteredDevice', 'timestamp': 1757517941.9848592, 'setSpeed_ms': 40.27777862548828, 'setSpeed_kmh': 145.00000305175783}
🚗 VELOCIDAD: 14.23 m/s = 51.2 km/h
📤 Enviando a telemetry_mqtt/UnregisteredDevice/carState: {'aEgo': 0.2366468757390976, 'cruiseState': {'enabled': True, 'speed': 0.0, 'available': True, 'speedOffset': 0.0, 'standstill': False, 'nonAdaptive': False, 'speedCluster': 0.0, 'speedLimit': 0.0}, 'leftBlinker': False, 'rightBlinker': False, 'vEgo': 14.22662353515625, 'vEgoCluster': 14.22662353515625, 'leftBlindspot': False, 'rightBlindspot': False, 'standstill': False, 'steeringAngleDeg': 0.10000000149011612, 'steeringTorque': 0.0, 'steeringPressed': False, 'gasPressed': False, 'brakePressed': False, 'canValid': True, 'gearShifter': 'drive', 'steerFaultTemporary': False, 'steerFaultPermanent': False, 'dongle_id': 'UnregisteredDevice', 'timestamp': 1757517941.9856853, 'vEgo_kmh': 51.2158447265625, 'aEgo_ms2': 0.2366468757390976}
📤 Enviando a telemetry_mqtt/UnregisteredDevice/controlsState: {'active': True, 'alertSize': 'none', 'alertStatus': 'normal', 'alertBlinkingRate': 0.0, 'alertSound': 'none', 'vCruise': 145.0, 'longControlState': 'pid', 'vTargetLead': 0.0, 'upAccelCmd': -0.0, 'uiAccelCmd': 0.0, 'ufAccelCmd': 0.075870081782341, 'aTarget': 0.0, 'cumLagMs': -2.167588710784912, 'experimentalMode': True, 'personality': 'relaxed', 'dongle_id': 'UnregisteredDevice', 'timestamp': 1757517941.9862144}
📤 Enviando a telemetry_mqtt/UnregisteredDevice/liveCalibration: {'calStatus': 'calibrated', 'calPerc': 100, 'dongle_id': 'UnregisteredDevice', 'timestamp': 1757517941.9863634}
📤 Enviando a telemetry_mqtt/UnregisteredDevice/gpsLocationExternal: {'latitude': 32.75383683464975, 'longitude': -117.20949913400747, 'altitude': 0.0, 'dongle_id': 'UnregisteredDevice', 'timestamp': 1757517941.98655, 'gps_valid': True, 'gps_coords': '32.753837,-117.209499'}
📤 Enviando a telemetry_mqtt/UnregisteredDevice/navInstruction: {'distanceRemaining': 0.0, 'maneuverDistance': 0.0, 'speedLimit': 0.0, 'timeRemaining': 0.0, 'dongle_id': 'UnregisteredDevice', 'timestamp': 1757517941.9866874}
📤 Enviando a telemetry_mqtt/UnregisteredDevice/radarState: {'radarErrors': [], 'dongle_id': 'UnregisteredDevice', 'timestamp': 1757517941.9869628}
📤 Enviando a telemetry_mqtt/UnregisteredDevice/drivingModelData: {'laneLineMeta': {'leftY': -2.0588111877441406, 'rightY': 1.2851492166519165, 'leftProb': 0.9545829892158508, 'rightProb': 0.9804628491401672}, 'dongle_id': 'UnregisteredDevice', 'timestamp': 1757517941.9871376}
📤 Enviando a telemetry_mqtt/UnregisteredDevice/carControl: {'actuators': {'gas': 0.0, 'brake': 0.0, 'steer': 1.0, 'steeringAngleDeg': 2.057914972305298, 'accel': -0.2113744616508484, 'longControlState': 'pid', 'speed': 0.0, 'curvature': -0.0012708629947155714, 'steerOutputCan': 0.0}, 'hudControl': {'speedVisible': True, 'setSpeed': 40.27777862548828, 'lanesVisible': True, 'leadVisible': False, 'visualAlert': 'none', 'audibleAlert': 'none', 'rightLaneVisible': True, 'leftLaneVisible': True, 'rightLaneDepart': False, 'leftLaneDepart': False, 'leadDistanceBars': 3}, 'dongle_id': 'UnregisteredDevice', 'timestamp': 1757517942.9879296, 'setSpeed_ms': 40.27777862548828, 'setSpeed_kmh': 145.00000305175783}
🚗 VELOCIDAD: 14.28 m/s = 51.4 km/h
📤 Enviando a telemetry_mqtt/UnregisteredDevice/carState: {'aEgo': -0.3224877119064331, 'cruiseState': {'enabled': True, 'speed': 0.0, 'available': True, 'speedOffset': 0.0, 'standstill': False, 'nonAdaptive': False, 'speedCluster': 0.0, 'speedLimit': 0.0}, 'leftBlinker': False, 'rightBlinker': False, 'vEgo': 14.275203704833984, 'vEgoCluster': 14.275203704833984, 'leftBlindspot': False, 'rightBlindspot': False, 'standstill': False, 'steeringAngleDeg': 0.20000000298023224, 'steeringTorque': 0.0, 'steeringPressed': False, 'gasPressed': False, 'brakePressed': False, 'canValid': True, 'gearShifter': 'drive', 'steerFaultTemporary': False, 'steerFaultPermanent': False, 'dongle_id': 'UnregisteredDevice', 'timestamp': 1757517942.9882934, 'vEgo_kmh': 51.390733337402345, 'aEgo_ms2': -0.3224877119064331}
📤 Enviando a telemetry_mqtt/UnregisteredDevice/controlsState: {'active': True, 'alertSize': 'none', 'alertStatus': 'normal', 'alertBlinkingRate': 0.0, 'alertSound': 'none', 'vCruise': 145.0, 'longControlState': 'pid', 'vTargetLead': 0.0, 'upAccelCmd': 0.0, 'uiAccelCmd': 0.0, 'ufAccelCmd': -0.2113744616508484, 'aTarget': 0.0, 'cumLagMs': -2.465723752975464, 'experimentalMode': True, 'personality': 'relaxed', 'dongle_id': 'UnregisteredDevice', 'timestamp': 1757517942.9886086}
📤 Enviando a telemetry_mqtt/UnregisteredDevice/liveCalibration: {'calStatus': 'calibrated', 'calPerc': 100, 'dongle_id': 'UnregisteredDevice', 'timestamp': 1757517942.9887056}
📤 Enviando a telemetry_mqtt/UnregisteredDevice/gpsLocationExternal: {'latitude': 32.75397982392282, 'longitude': -117.20949953909495, 'altitude': 0.0, 'dongle_id': 'UnregisteredDevice', 'timestamp': 1757517942.9888139, 'gps_valid': True, 'gps_coords': '32.753980,-117.209500'}
📤 Enviando a telemetry_mqtt/UnregisteredDevice/navInstruction: {'distanceRemaining': 0.0, 'maneuverDistance': 0.0, 'speedLimit': 0.0, 'timeRemaining': 0.0, 'dongle_id': 'UnregisteredDevice', 'timestamp': 1757517942.988927}
📤 Enviando a telemetry_mqtt/UnregisteredDevice/radarState: {'radarErrors': [], 'dongle_id': 'UnregisteredDevice', 'timestamp': 1757517942.9891107}
📤 Enviando a telemetry_mqtt/UnregisteredDevice/drivingModelData: {'laneLineMeta': {'leftY': -2.1976430416107178, 'rightY': 1.2034060955047607, 'leftProb': 0.8676959872245789, 'rightProb': 0.9155442118644714}, 'dongle_id': 'UnregisteredDevice', 'timestamp': 1757517942.9893503}
📤 Enviando a telemetry_mqtt/UnregisteredDevice/carControl: {'actuators': {'gas': 0.0, 'brake': 0.0, 'steer': 1.0, 'steeringAngleDeg': 6.912240505218506, 'accel': -0.6595492959022522, 'longControlState': 'pid', 'speed': 0.0, 'curvature': -0.0033100813161581755, 'steerOutputCan': 0.0}, 'hudControl': {'speedVisible': True, 'setSpeed': 40.27777862548828, 'lanesVisible': True, 'leadVisible': False, 'visualAlert': 'none', 'audibleAlert': 'none', 'rightLaneVisible': True, 'leftLaneVisible': True, 'rightLaneDepart': False, 'leftLaneDepart': False, 'leadDistanceBars': 3}, 'dongle_id': 'UnregisteredDevice', 'timestamp': 1757517943.9900134, 'setSpeed_ms': 40.27777862548828, 'setSpeed_kmh': 145.00000305175783}
🚗 VELOCIDAD: 13.27 m/s = 47.8 km/h
📤 Enviando a telemetry_mqtt/UnregisteredDevice/carState: {'aEgo': -0.9146760106086731, 'cruiseState': {'enabled': True, 'speed': 0.0, 'available': True, 'speedOffset': 0.0, 'standstill': False, 'nonAdaptive': False, 'speedCluster': 0.0, 'speedLimit': 0.0}, 'leftBlinker': False, 'rightBlinker': False, 'vEgo': 13.266035079956055, 'vEgoCluster': 13.266035079956055, 'leftBlindspot': False, 'rightBlindspot': False, 'standstill': False, 'steeringAngleDeg': 1.0, 'steeringTorque': 0.0, 'steeringPressed': False, 'gasPressed': False, 'brakePressed': False, 'canValid': True, 'gearShifter': 'drive', 'steerFaultTemporary': False, 'steerFaultPermanent': False, 'dongle_id': 'UnregisteredDevice', 'timestamp': 1757517943.9903874, 'vEgo_kmh': 47.7577262878418, 'aEgo_ms2': -0.9146760106086731}
📤 Enviando a telemetry_mqtt/UnregisteredDevice/controlsState: {'active': True, 'alertSize': 'none', 'alertStatus': 'normal', 'alertBlinkingRate': 0.0, 'alertSound': 'none', 'vCruise': 145.0, 'longControlState': 'pid', 'vTargetLead': 0.0, 'upAccelCmd': 0.0, 'uiAccelCmd': 0.0, 'ufAccelCmd': -0.6595492959022522, 'aTarget': 0.0, 'cumLagMs': -2.9634387493133545, 'experimentalMode': True, 'personality': 'relaxed', 'dongle_id': 'UnregisteredDevice', 'timestamp': 1757517943.990683}
📤 Enviando a telemetry_mqtt/UnregisteredDevice/liveCalibration: {'calStatus': 'calibrated', 'calPerc': 100, 'dongle_id': 'UnregisteredDevice', 'timestamp': 1757517943.9907963}
📤 Enviando a telemetry_mqtt/UnregisteredDevice/gpsLocationExternal: {'latitude': 32.75411782624216, 'longitude': -117.20949876271345, 'altitude': 0.0, 'dongle_id': 'UnregisteredDevice', 'timestamp': 1757517943.9909365, 'gps_valid': True, 'gps_coords': '32.754118,-117.209499'}
📤 Enviando a telemetry_mqtt/UnregisteredDevice/navInstruction: {'distanceRemaining': 0.0, 'maneuverDistance': 0.0, 'speedLimit': 0.0, 'timeRemaining': 0.0, 'dongle_id': 'UnregisteredDevice', 'timestamp': 1757517943.9910605}
📤 Enviando a telemetry_mqtt/UnregisteredDevice/radarState: {'radarErrors': [], 'dongle_id': 'UnregisteredDevice', 'timestamp': 1757517943.991476}
📤 Enviando a telemetry_mqtt/UnregisteredDevice/drivingModelData: {'laneLineMeta': {'leftY': -2.0273027420043945, 'rightY': 1.3240278959274292, 'leftProb': 0.7781074643135071, 'rightProb': 0.786628782749176}, 'dongle_id': 'UnregisteredDevice', 'timestamp': 1757517943.9917605}
📤 Enviando a telemetry_mqtt/UnregisteredDevice/carControl: {'actuators': {'gas': 0.0, 'brake': 0.0, 'steer': 1.0, 'steeringAngleDeg': 17.699094772338867, 'accel': -0.8849007487297058, 'longControlState': 'pid', 'speed': 0.0, 'curvature': -0.007894936949014664, 'steerOutputCan': 0.0}, 'hudControl': {'speedVisible': True, 'setSpeed': 40.27777862548828, 'lanesVisible': True, 'leadVisible': False, 'visualAlert': 'steerRequired', 'audibleAlert': 'none', 'rightLaneVisible': True, 'leftLaneVisible': True, 'rightLaneDepart': False, 'leftLaneDepart': False, 'leadDistanceBars': 3}, 'dongle_id': 'UnregisteredDevice', 'timestamp': 1757517944.9924936, 'setSpeed_ms': 40.27777862548828, 'setSpeed_kmh': 145.00000305175783}
🚗 VELOCIDAD: 11.67 m/s = 42.0 km/h
📤 Enviando a telemetry_mqtt/UnregisteredDevice/carState: {'aEgo': -1.2137746810913086, 'cruiseState': {'enabled': True, 'speed': 0.0, 'available': True, 'speedOffset': 0.0, 'standstill': False, 'nonAdaptive': False, 'speedCluster': 0.0, 'speedLimit': 0.0}, 'leftBlinker': False, 'rightBlinker': False, 'vEgo': 11.667083740234375, 'vEgoCluster': 11.667083740234375, 'leftBlindspot': False, 'rightBlindspot': False, 'standstill': False, 'steeringAngleDeg': 1.7999999523162842, 'steeringTorque': 0.0, 'steeringPressed': False, 'gasPressed': False, 'brakePressed': False, 'canValid': True, 'gearShifter': 'drive', 'steerFaultTemporary': False, 'steerFaultPermanent': False, 'dongle_id': 'UnregisteredDevice', 'timestamp': 1757517944.992928, 'vEgo_kmh': 42.00150146484375, 'aEgo_ms2': -1.2137746810913086}
📤 Enviando a telemetry_mqtt/UnregisteredDevice/controlsState: {'active': True, 'alertText1': 'Take Control', 'alertText2': 'Turn Exceeds Steering Limit', 'alertSize': 'mid', 'alertStatus': 'userPrompt', 'alertBlinkingRate': 0.0, 'alertType': 'steerSaturated/warning', 'alertSound': 'promptRepeat', 'vCruise': 145.0, 'longControlState': 'pid', 'vTargetLead': 0.0, 'upAccelCmd': 0.0, 'uiAccelCmd': 0.0, 'ufAccelCmd': -0.8849007487297058, 'aTarget': 0.0, 'cumLagMs': -2.6748147010803223, 'experimentalMode': True, 'personality': 'relaxed', 'dongle_id': 'UnregisteredDevice', 'timestamp': 1757517944.993212}
📤 Enviando a telemetry_mqtt/UnregisteredDevice/liveCalibration: {'calStatus': 'calibrated', 'calPerc': 100, 'dongle_id': 'UnregisteredDevice', 'timestamp': 1757517944.9934049}
📤 Enviando a telemetry_mqtt/UnregisteredDevice/gpsLocationExternal: {'latitude': 32.754243182916355, 'longitude': -117.20949292952159, 'altitude': 0.0, 'dongle_id': 'UnregisteredDevice', 'timestamp': 1757517944.9936373, 'gps_valid': True, 'gps_coords': '32.754243,-117.209493'}
📤 Enviando a telemetry_mqtt/UnregisteredDevice/navInstruction: {'distanceRemaining': 0.0, 'maneuverDistance': 0.0, 'speedLimit': 0.0, 'timeRemaining': 0.0, 'dongle_id': 'UnregisteredDevice', 'timestamp': 1757517944.9938257}
📤 Enviando a telemetry_mqtt/UnregisteredDevice/radarState: {'radarErrors': [], 'dongle_id': 'UnregisteredDevice', 'timestamp': 1757517944.9939487}
📤 Enviando a telemetry_mqtt/UnregisteredDevice/drivingModelData: {'laneLineMeta': {'leftY': -1.7956138849258423, 'rightY': 1.6914540529251099, 'leftProb': 0.3065981864929199, 'rightProb': 0.35408300161361694}, 'dongle_id': 'UnregisteredDevice', 'timestamp': 1757517944.9941363}
📤 Enviando a telemetry_mqtt/UnregisteredDevice/carControl: {'actuators': {'gas': 0.0, 'brake': 0.0, 'steer': 1.0, 'steeringAngleDeg': 14.68337631225586, 'accel': -1.365045189857483, 'longControlState': 'pid', 'speed': 0.0, 'curvature': -0.007097853813320398, 'steerOutputCan': 0.0}, 'hudControl': {'speedVisible': True, 'setSpeed': 40.27777862548828, 'lanesVisible': True, 'leadVisible': False, 'visualAlert': 'steerRequired', 'audibleAlert': 'none', 'rightLaneVisible': True, 'leftLaneVisible': True, 'rightLaneDepart': False, 'leftLaneDepart': False, 'leadDistanceBars': 3}, 'dongle_id': 'UnregisteredDevice', 'timestamp': 1757517945.9952447, 'setSpeed_ms': 40.27777862548828, 'setSpeed_kmh': 145.00000305175783}
🚗 VELOCIDAD: 9.84 m/s = 35.4 km/h
📤 Enviando a telemetry_mqtt/UnregisteredDevice/carState: {'aEgo': -2.0385477542877197, 'cruiseState': {'enabled': True, 'speed': 0.0, 'available': True, 'speedOffset': 0.0, 'standstill': False, 'nonAdaptive': False, 'speedCluster': 0.0, 'speedLimit': 0.0}, 'leftBlinker': False, 'rightBlinker': False, 'vEgo': 9.839692115783691, 'vEgoCluster': 9.839692115783691, 'leftBlindspot': False, 'rightBlindspot': False, 'standstill': False, 'steeringAngleDeg': 2.5, 'steeringTorque': 0.0, 'steeringPressed': False, 'gasPressed': False, 'brakePressed': False, 'canValid': True, 'gearShifter': 'drive', 'steerFaultTemporary': False, 'steerFaultPermanent': False, 'dongle_id': 'UnregisteredDevice', 'timestamp': 1757517945.995811, 'vEgo_kmh': 35.42289161682129, 'aEgo_ms2': -2.0385477542877197}
📤 Enviando a telemetry_mqtt/UnregisteredDevice/controlsState: {'active': True, 'alertText1': 'Take Control', 'alertText2': 'Turn Exceeds Steering Limit', 'alertSize': 'mid', 'alertStatus': 'userPrompt', 'alertBlinkingRate': 0.0, 'alertType': 'steerSaturated/warning', 'alertSound': 'promptRepeat', 'vCruise': 145.0, 'longControlState': 'pid', 'vTargetLead': 0.0, 'upAccelCmd': 0.0, 'uiAccelCmd': 0.0, 'ufAccelCmd': -1.365045189857483, 'aTarget': 0.0, 'cumLagMs': -3.3576254844665527, 'experimentalMode': True, 'personality': 'relaxed', 'dongle_id': 'UnregisteredDevice', 'timestamp': 1757517945.9960613}
📤 Enviando a telemetry_mqtt/UnregisteredDevice/liveCalibration: {'calStatus': 'calibrated', 'calPerc': 100, 'dongle_id': 'UnregisteredDevice', 'timestamp': 1757517945.9963117}
📤 Enviando a telemetry_mqtt/UnregisteredDevice/gpsLocationExternal: {'latitude': 32.754351577081394, 'longitude': -117.20947861849882, 'altitude': 0.0, 'dongle_id': 'UnregisteredDevice', 'timestamp': 1757517945.9964197, 'gps_valid': True, 'gps_coords': '32.754352,-117.209479'}
📤 Enviando a telemetry_mqtt/UnregisteredDevice/navInstruction: {'distanceRemaining': 0.0, 'maneuverDistance': 0.0, 'speedLimit': 0.0, 'timeRemaining': 0.0, 'dongle_id': 'UnregisteredDevice', 'timestamp': 1757517945.9965477}
📤 Enviando a telemetry_mqtt/UnregisteredDevice/radarState: {'radarErrors': [], 'dongle_id': 'UnregisteredDevice', 'timestamp': 1757517945.996692}
📤 Enviando a telemetry_mqtt/UnregisteredDevice/drivingModelData: {'laneLineMeta': {'leftY': -1.261637568473816, 'rightY': 2.130819797515869, 'leftProb': 0.47363531589508057, 'rightProb': 0.46673575043678284}, 'dongle_id': 'UnregisteredDevice', 'timestamp': 1757517945.996822}
📊 Resumen de telemetría enviado: telemetry_mqtt/UnregisteredDevice/resumen_principal
📤 Enviando a telemetry_mqtt/UnregisteredDevice/carControl: {'actuators': {'gas': 0.0, 'brake': 0.0, 'steer': -1.0, 'steeringAngleDeg': -4.567071914672852, 'accel': -2.4672114849090576, 'longControlState': 'pid', 'speed': 0.0, 'curvature': 0.0005212903488427401, 'steerOutputCan': 0.0}, 'hudControl': {'speedVisible': True, 'setSpeed': 40.27777862548828, 'lanesVisible': True, 'leadVisible': False, 'visualAlert': 'none', 'audibleAlert': 'none', 'rightLaneVisible': True, 'leftLaneVisible': True, 'rightLaneDepart': False, 'leftLaneDepart': False, 'leadDistanceBars': 3}, 'dongle_id': 'UnregisteredDevice', 'timestamp': 1757517946.9979005, 'setSpeed_ms': 40.27777862548828, 'setSpeed_kmh': 145.00000305175783}
🚗 VELOCIDAD: 6.90 m/s = 24.9 km/h
📤 Enviando a telemetry_mqtt/UnregisteredDevice/carState: {'aEgo': -3.9915125370025635, 'cruiseState': {'enabled': True, 'speed': 0.0, 'available': True, 'speedOffset': 0.0, 'standstill': False, 'nonAdaptive': False, 'speedCluster': 0.0, 'speedLimit': 0.0}, 'leftBlinker': False, 'rightBlinker': False, 'vEgo': 6.904993534088135, 'vEgoCluster': 6.904993534088135, 'leftBlindspot': False, 'rightBlindspot': False, 'standstill': False, 'steeringAngleDeg': 0.800000011920929, 'steeringTorque': 0.0, 'steeringPressed': False, 'gasPressed': False, 'brakePressed': False, 'canValid': True, 'gearShifter': 'drive', 'steerFaultTemporary': False, 'steerFaultPermanent': False, 'dongle_id': 'UnregisteredDevice', 'timestamp': 1757517946.9982004, 'vEgo_kmh': 24.857976722717286, 'aEgo_ms2': -3.9915125370025635}
📤 Enviando a telemetry_mqtt/UnregisteredDevice/controlsState: {'active': True, 'alertSize': 'none', 'alertStatus': 'normal', 'alertBlinkingRate': 0.0, 'alertSound': 'none', 'vCruise': 145.0, 'longControlState': 'pid', 'vTargetLead': 0.0, 'upAccelCmd': 0.0, 'uiAccelCmd': 0.0, 'ufAccelCmd': -2.4672114849090576, 'aTarget': 0.0, 'cumLagMs': -3.2440805435180664, 'experimentalMode': True, 'personality': 'relaxed', 'dongle_id': 'UnregisteredDevice', 'timestamp': 1757517946.9986808}
📤 Enviando a telemetry_mqtt/UnregisteredDevice/liveCalibration: {'calStatus': 'calibrated', 'calPerc': 100, 'dongle_id': 'UnregisteredDevice', 'timestamp': 1757517946.9987962}
📤 Enviando a telemetry_mqtt/UnregisteredDevice/gpsLocationExternal: {'latitude': 32.75443770371408, 'longitude': -117.20945961566547, 'altitude': 0.0, 'dongle_id': 'UnregisteredDevice', 'timestamp': 1757517946.9988825, 'gps_valid': True, 'gps_coords': '32.754438,-117.209460'}
📤 Enviando a telemetry_mqtt/UnregisteredDevice/navInstruction: {'distanceRemaining': 0.0, 'maneuverDistance': 0.0, 'speedLimit': 0.0, 'timeRemaining': 0.0, 'dongle_id': 'UnregisteredDevice', 'timestamp': 1757517946.9989913}
📤 Enviando a telemetry_mqtt/UnregisteredDevice/radarState: {'radarErrors': [], 'dongle_id': 'UnregisteredDevice', 'timestamp': 1757517946.9991832}
📤 Enviando a telemetry_mqtt/UnregisteredDevice/drivingModelData: {'laneLineMeta': {'leftY': -1.4274625778198242, 'rightY': 1.806439757347107, 'leftProb': 0.026829689741134644, 'rightProb': 0.03616977110505104}, 'dongle_id': 'UnregisteredDevice', 'timestamp': 1757517946.9994452}
📤 Enviando a telemetry_mqtt/UnregisteredDevice/carControl: {'actuators': {'gas': 0.0, 'brake': 0.0, 'steer': -1.0, 'steeringAngleDeg': -8.662575721740723, 'accel': -3.1986021995544434, 'longControlState': 'pid', 'speed': 0.0, 'curvature': 0.002388792810961604, 'steerOutputCan': 0.0}, 'hudControl': {'speedVisible': True, 'setSpeed': 40.27777862548828, 'lanesVisible': True, 'leadVisible': False, 'visualAlert': 'none', 'audibleAlert': 'none', 'rightLaneVisible': True, 'leftLaneVisible': True, 'rightLaneDepart': False, 'leftLaneDepart': False, 'leadDistanceBars': 3}, 'dongle_id': 'UnregisteredDevice', 'timestamp': 1757517948.0002468, 'setSpeed_ms': 40.27777862548828, 'setSpeed_kmh': 145.00000305175783}
🚗 VELOCIDAD: 1.73 m/s = 6.2 km/h
📤 Enviando a telemetry_mqtt/UnregisteredDevice/carState: {'aEgo': -5.323085784912109, 'cruiseState': {'enabled': True, 'speed': 0.0, 'available': True, 'speedOffset': 0.0, 'standstill': False, 'nonAdaptive': False, 'speedCluster': 0.0, 'speedLimit': 0.0}, 'leftBlinker': False, 'rightBlinker': False, 'vEgo': 1.730414628982544, 'vEgoCluster': 1.730414628982544, 'leftBlindspot': False, 'rightBlindspot': False, 'standstill': False, 'steeringAngleDeg': -0.699999988079071, 'steeringTorque': 0.0, 'steeringPressed': False, 'gasPressed': False, 'brakePressed': False, 'canValid': True, 'gearShifter': 'drive', 'steerFaultTemporary': False, 'steerFaultPermanent': False, 'dongle_id': 'UnregisteredDevice', 'timestamp': 1757517948.0007658, 'vEgo_kmh': 6.229492664337158, 'aEgo_ms2': -5.323085784912109}
📤 Enviando a telemetry_mqtt/UnregisteredDevice/controlsState: {'active': True, 'alertSize': 'none', 'alertStatus': 'normal', 'alertBlinkingRate': 0.0, 'alertSound': 'none', 'vCruise': 145.0, 'longControlState': 'pid', 'vTargetLead': 0.0, 'upAccelCmd': 0.0, 'uiAccelCmd': 0.0, 'ufAccelCmd': -3.1986021995544434, 'aTarget': 0.0, 'cumLagMs': -3.6199123859405518, 'experimentalMode': True, 'personality': 'relaxed', 'dongle_id': 'UnregisteredDevice', 'timestamp': 1757517948.0010712}
📤 Enviando a telemetry_mqtt/UnregisteredDevice/liveCalibration: {'calStatus': 'calibrated', 'calPerc': 100, 'dongle_id': 'UnregisteredDevice', 'timestamp': 1757517948.001251}
📤 Enviando a telemetry_mqtt/UnregisteredDevice/gpsLocationExternal: {'latitude': 32.75448474152536, 'longitude': -117.2094471059809, 'altitude': 0.0, 'dongle_id': 'UnregisteredDevice', 'timestamp': 1757517948.001383, 'gps_valid': True, 'gps_coords': '32.754485,-117.209447'}
📤 Enviando a telemetry_mqtt/UnregisteredDevice/navInstruction: {'distanceRemaining': 0.0, 'maneuverDistance': 0.0, 'speedLimit': 0.0, 'timeRemaining': 0.0, 'dongle_id': 'UnregisteredDevice', 'timestamp': 1757517948.001531}
📤 Enviando a telemetry_mqtt/UnregisteredDevice/radarState: {'radarErrors': [], 'dongle_id': 'UnregisteredDevice', 'timestamp': 1757517948.0016685}
📤 Enviando a telemetry_mqtt/UnregisteredDevice/drivingModelData: {'laneLineMeta': {'leftY': -1.2205580472946167, 'rightY': 2.052717685699463, 'leftProb': 0.08656758815050125, 'rightProb': 0.08647250384092331}, 'dongle_id': 'UnregisteredDevice', 'timestamp': 1757517948.001847}
📤 Enviando a telemetry_mqtt/UnregisteredDevice/carControl: {'actuators': {'gas': 0.0, 'brake': 0.0, 'steer': 0.0, 'steeringAngleDeg': -366.19390869140625, 'accel': -0.6610684990882874, 'longControlState': 'pid', 'speed': 0.0, 'curvature': 0.15465223789215088, 'steerOutputCan': 0.0}, 'hudControl': {'speedVisible': True, 'setSpeed': 40.27777862548828, 'lanesVisible': True, 'leadVisible': False, 'visualAlert': 'none', 'audibleAlert': 'none', 'rightLaneVisible': True, 'leftLaneVisible': True, 'rightLaneDepart': False, 'leftLaneDepart': False, 'leadDistanceBars': 3}, 'dongle_id': 'UnregisteredDevice', 'timestamp': 1757517949.002554, 'setSpeed_ms': 40.27777862548828, 'setSpeed_kmh': 145.00000305175783}
🚗 VELOCIDAD: 0.03 m/s = 0.1 km/h
📤 Enviando a telemetry_mqtt/UnregisteredDevice/carState: {'aEgo': -0.1181662380695343, 'cruiseState': {'enabled': True, 'speed': 0.0, 'available': True, 'speedOffset': 0.0, 'standstill': False, 'nonAdaptive': False, 'speedCluster': 0.0, 'speedLimit': 0.0}, 'leftBlinker': False, 'rightBlinker': False, 'vEgo': 0.03104517050087452, 'vEgoCluster': 0.03104517050087452, 'leftBlindspot': False, 'rightBlindspot': False, 'standstill': False, 'steeringAngleDeg': -40.29999923706055, 'steeringTorque': 0.0, 'steeringPressed': False, 'gasPressed': False, 'brakePressed': False, 'canValid': True, 'gearShifter': 'drive', 'steerFaultTemporary': False, 'steerFaultPermanent': False, 'dongle_id': 'UnregisteredDevice', 'timestamp': 1757517949.0028548, 'vEgo_kmh': 0.11176261380314827, 'aEgo_ms2': -0.1181662380695343}
📤 Enviando a telemetry_mqtt/UnregisteredDevice/controlsState: {'active': True, 'alertSize': 'none', 'alertStatus': 'normal', 'alertBlinkingRate': 0.0, 'alertSound': 'none', 'vCruise': 145.0, 'longControlState': 'pid', 'vTargetLead': 0.0, 'upAccelCmd': -0.0, 'uiAccelCmd': 0.0, 'ufAccelCmd': -0.6610684990882874, 'aTarget': 0.0, 'cumLagMs': -3.1063103675842285, 'experimentalMode': True, 'personality': 'relaxed', 'dongle_id': 'UnregisteredDevice', 'timestamp': 1757517949.0031497}
📤 Enviando a telemetry_mqtt/UnregisteredDevice/liveCalibration: {'calStatus': 'calibrated', 'calPerc': 100, 'dongle_id': 'UnregisteredDevice', 'timestamp': 1757517949.0032957}
📤 Enviando a telemetry_mqtt/UnregisteredDevice/gpsLocationExternal: {'latitude': 32.754489441384976, 'longitude': -117.20944587487318, 'altitude': 0.0, 'dongle_id': 'UnregisteredDevice', 'timestamp': 1757517949.0035818, 'gps_valid': True, 'gps_coords': '32.754489,-117.209446'}
📤 Enviando a telemetry_mqtt/UnregisteredDevice/navInstruction: {'distanceRemaining': 0.0, 'maneuverDistance': 0.0, 'speedLimit': 0.0, 'timeRemaining': 0.0, 'dongle_id': 'UnregisteredDevice', 'timestamp': 1757517949.0038085}
📤 Enviando a telemetry_mqtt/UnregisteredDevice/radarState: {'radarErrors': [], 'dongle_id': 'UnregisteredDevice', 'timestamp': 1757517949.0040815}
📤 Enviando a telemetry_mqtt/UnregisteredDevice/drivingModelData: {'laneLineMeta': {'leftY': -1.4667763710021973, 'rightY': 1.7926160097122192, 'leftProb': 0.017503077164292336, 'rightProb': 0.024380575865507126}, 'dongle_id': 'UnregisteredDevice', 'timestamp': 1757517949.0042737}
📤 Enviando a telemetry_mqtt/UnregisteredDevice/carControl: {'actuators': {'gas': 0.0, 'brake': 0.0, 'steer': 0.0, 'steeringAngleDeg': -208.17218017578125, 'accel': -1.0053656101226807, 'longControlState': 'stopping', 'speed': 0.0, 'curvature': 0.08738307654857635, 'steerOutputCan': 0.0}, 'hudControl': {'speedVisible': True, 'setSpeed': 40.27777862548828, 'lanesVisible': True, 'leadVisible': False, 'visualAlert': 'none', 'audibleAlert': 'none', 'rightLaneVisible': True, 'leftLaneVisible': True, 'rightLaneDepart': False, 'leftLaneDepart': False, 'leadDistanceBars': 3}, 'dongle_id': 'UnregisteredDevice', 'timestamp': 1757517950.0054317, 'setSpeed_ms': 40.27777862548828, 'setSpeed_kmh': 145.00000305175783}
🚗 VELOCIDAD: 0.04 m/s = 0.1 km/h
📤 Enviando a telemetry_mqtt/UnregisteredDevice/carState: {'aEgo': 0.028094427660107613, 'cruiseState': {'enabled': True, 'speed': 0.0, 'available': True, 'speedOffset': 0.0, 'standstill': False, 'nonAdaptive': False, 'speedCluster': 0.0, 'speedLimit': 0.0}, 'leftBlinker': False, 'rightBlinker': False, 'vEgo': 0.0375274196267128, 'vEgoCluster': 0.0375274196267128, 'leftBlindspot': False, 'rightBlindspot': False, 'standstill': False, 'steeringAngleDeg': -42.0, 'steeringTorque': 0.0, 'steeringPressed': False, 'gasPressed': False, 'brakePressed': False, 'canValid': True, 'gearShifter': 'drive', 'steerFaultTemporary': False, 'steerFaultPermanent': False, 'dongle_id': 'UnregisteredDevice', 'timestamp': 1757517950.0061293, 'vEgo_kmh': 0.13509871065616608, 'aEgo_ms2': 0.028094427660107613}
📤 Enviando a telemetry_mqtt/UnregisteredDevice/controlsState: {'active': True, 'alertSize': 'none', 'alertStatus': 'normal', 'alertBlinkingRate': 0.0, 'alertSound': 'none', 'vCruise': 145.0, 'longControlState': 'stopping', 'vTargetLead': 0.0, 'upAccelCmd': 0.0, 'uiAccelCmd': 0.0, 'ufAccelCmd': 0.0, 'aTarget': 0.0, 'cumLagMs': -3.717318296432495, 'experimentalMode': True, 'personality': 'relaxed', 'dongle_id': 'UnregisteredDevice', 'timestamp': 1757517950.00648}
📤 Enviando a telemetry_mqtt/UnregisteredDevice/liveCalibration: {'calStatus': 'calibrated', 'calPerc': 100, 'dongle_id': 'UnregisteredDevice', 'timestamp': 1757517950.0066085}
📤 Enviando a telemetry_mqtt/UnregisteredDevice/gpsLocationExternal: {'latitude': 32.754489434976286, 'longitude': -117.20944589520552, 'altitude': 0.0, 'dongle_id': 'UnregisteredDevice', 'timestamp': 1757517950.006724, 'gps_valid': True, 'gps_coords': '32.754489,-117.209446'}
📤 Enviando a telemetry_mqtt/UnregisteredDevice/navInstruction: {'distanceRemaining': 0.0, 'maneuverDistance': 0.0, 'speedLimit': 0.0, 'timeRemaining': 0.0, 'dongle_id': 'UnregisteredDevice', 'timestamp': 1757517950.00687}
📤 Enviando a telemetry_mqtt/UnregisteredDevice/radarState: {'radarErrors': [], 'dongle_id': 'UnregisteredDevice', 'timestamp': 1757517950.0070984}
📤 Enviando a telemetry_mqtt/UnregisteredDevice/drivingModelData: {'laneLineMeta': {'leftY': -1.4494143724441528, 'rightY': 1.7507801055908203, 'leftProb': 0.03184520825743675, 'rightProb': 0.036606475710868835}, 'dongle_id': 'UnregisteredDevice', 'timestamp': 1757517950.0072718}
📊 Resumen de telemetría enviado: telemetry_mqtt/UnregisteredDevice/resumen_principal
📤 Enviando a telemetry_mqtt/UnregisteredDevice/carControl: {'actuators': {'gas': 0.0, 'brake': 0.0, 'steer': 1.0, 'steeringAngleDeg': 28.163379669189453, 'accel': 1.095842957496643, 'longControlState': 'pid', 'speed': 0.0, 'curvature': -0.01322275958955288, 'steerOutputCan': 0.0}, 'hudControl': {'speedVisible': True, 'setSpeed': 40.27777862548828, 'lanesVisible': True, 'leadVisible': False, 'visualAlert': 'none', 'audibleAlert': 'none', 'rightLaneVisible': True, 'leftLaneVisible': True, 'rightLaneDepart': False, 'leftLaneDepart': False, 'leadDistanceBars': 3}, 'dongle_id': 'UnregisteredDevice', 'timestamp': 1757517951.008741, 'setSpeed_ms': 40.27777862548828, 'setSpeed_kmh': 145.00000305175783}
🚗 VELOCIDAD: 0.37 m/s = 1.3 km/h
📤 Enviando a telemetry_mqtt/UnregisteredDevice/carState: {'aEgo': 0.7907121181488037, 'cruiseState': {'enabled': True, 'speed': 0.0, 'available': True, 'speedOffset': 0.0, 'standstill': False, 'nonAdaptive': False, 'speedCluster': 0.0, 'speedLimit': 0.0}, 'leftBlinker': False, 'rightBlinker': False, 'vEgo': 0.3717800974845886, 'vEgoCluster': 0.3717800974845886, 'leftBlindspot': False, 'rightBlindspot': False, 'standstill': False, 'steeringAngleDeg': 3.700000047683716, 'steeringTorque': 0.0, 'steeringPressed': False, 'gasPressed': False, 'brakePressed': False, 'canValid': True, 'gearShifter': 'drive', 'steerFaultTemporary': False, 'steerFaultPermanent': False, 'dongle_id': 'UnregisteredDevice', 'timestamp': 1757517951.009205, 'vEgo_kmh': 1.338408350944519, 'aEgo_ms2': 0.7907121181488037}
📤 Enviando a telemetry_mqtt/UnregisteredDevice/controlsState: {'active': True, 'alertSize': 'none', 'alertStatus': 'normal', 'alertBlinkingRate': 0.0, 'alertSound': 'none', 'vCruise': 145.0, 'longControlState': 'pid', 'vTargetLead': 0.0, 'upAccelCmd': 0.0, 'uiAccelCmd': 0.0, 'ufAccelCmd': 1.095842957496643, 'aTarget': 0.0, 'cumLagMs': -2.9663472175598145, 'experimentalMode': True, 'personality': 'relaxed', 'dongle_id': 'UnregisteredDevice', 'timestamp': 1757517951.0094821}
📤 Enviando a telemetry_mqtt/UnregisteredDevice/liveCalibration: {'calStatus': 'calibrated', 'calPerc': 100, 'dongle_id': 'UnregisteredDevice', 'timestamp': 1757517951.009598}
📤 Enviando a telemetry_mqtt/UnregisteredDevice/gpsLocationExternal: {'latitude': 32.75448986435861, 'longitude': -117.20944574762443, 'altitude': 0.0, 'dongle_id': 'UnregisteredDevice', 'timestamp': 1757517951.0097785, 'gps_valid': True, 'gps_coords': '32.754490,-117.209446'}
📤 Enviando a telemetry_mqtt/UnregisteredDevice/navInstruction: {'distanceRemaining': 0.0, 'maneuverDistance': 0.0, 'speedLimit': 0.0, 'timeRemaining': 0.0, 'dongle_id': 'UnregisteredDevice', 'timestamp': 1757517951.009923}
📤 Enviando a telemetry_mqtt/UnregisteredDevice/radarState: {'radarErrors': [], 'dongle_id': 'UnregisteredDevice', 'timestamp': 1757517951.01011}
📤 Enviando a telemetry_mqtt/UnregisteredDevice/drivingModelData: {'laneLineMeta': {'leftY': -1.4434667825698853, 'rightY': 1.769122838973999, 'leftProb': 0.029519038274884224, 'rightProb': 0.04283640533685684}, 'dongle_id': 'UnregisteredDevice', 'timestamp': 1757517951.0103693}
📤 Enviando a telemetry_mqtt/UnregisteredDevice/carControl: {'actuators': {'gas': 0.0, 'brake': 0.0, 'steer': -1.0, 'steeringAngleDeg': -5.326771259307861, 'accel': 1.7229313850402832, 'longControlState': 'pid', 'speed': 0.0, 'curvature': 0.001073566498234868, 'steerOutputCan': 0.0}, 'hudControl': {'speedVisible': True, 'setSpeed': 40.27777862548828, 'lanesVisible': True, 'leadVisible': False, 'visualAlert': 'none', 'audibleAlert': 'none', 'rightLaneVisible': True, 'leftLaneVisible': True, 'rightLaneDepart': False, 'leftLaneDepart': False, 'leadDistanceBars': 3}, 'dongle_id': 'UnregisteredDevice', 'timestamp': 1757517952.0119035, 'setSpeed_ms': 40.27777862548828, 'setSpeed_kmh': 145.00000305175783}
🚗 VELOCIDAD: 2.12 m/s = 7.6 km/h
📤 Enviando a telemetry_mqtt/UnregisteredDevice/carState: {'aEgo': 2.361466646194458, 'cruiseState': {'enabled': True, 'speed': 0.0, 'available': True, 'speedOffset': 0.0, 'standstill': False, 'nonAdaptive': False, 'speedCluster': 0.0, 'speedLimit': 0.0}, 'leftBlinker': False, 'rightBlinker': False, 'vEgo': 2.116895914077759, 'vEgoCluster': 2.116895914077759, 'leftBlindspot': False, 'rightBlindspot': False, 'standstill': False, 'steeringAngleDeg': 1.7000000476837158, 'steeringTorque': 0.0, 'steeringPressed': False, 'gasPressed': False, 'brakePressed': False, 'canValid': True, 'gearShifter': 'drive', 'steerFaultTemporary': False, 'steerFaultPermanent': False, 'dongle_id': 'UnregisteredDevice', 'timestamp': 1757517952.0124214, 'vEgo_kmh': 7.620825290679932, 'aEgo_ms2': 2.361466646194458}
📤 Enviando a telemetry_mqtt/UnregisteredDevice/controlsState: {'active': True, 'alertSize': 'none', 'alertStatus': 'normal', 'alertBlinkingRate': 0.0, 'alertSound': 'none', 'vCruise': 145.0, 'longControlState': 'pid', 'vTargetLead': 0.0, 'upAccelCmd': -0.0, 'uiAccelCmd': 0.0, 'ufAccelCmd': 1.7229313850402832, 'aTarget': 0.0, 'cumLagMs': -2.987844228744507, 'experimentalMode': True, 'personality': 'relaxed', 'dongle_id': 'UnregisteredDevice', 'timestamp': 1757517952.013032}
📤 Enviando a telemetry_mqtt/UnregisteredDevice/liveCalibration: {'calStatus': 'calibrated', 'calPerc': 100, 'dongle_id': 'UnregisteredDevice', 'timestamp': 1757517952.0131865}
📤 Enviando a telemetry_mqtt/UnregisteredDevice/gpsLocationExternal: {'latitude': 32.754499040994354, 'longitude': -117.2094431702719, 'altitude': 0.0, 'dongle_id': 'UnregisteredDevice', 'timestamp': 1757517952.0133157, 'gps_valid': True, 'gps_coords': '32.754499,-117.209443'}
📤 Enviando a telemetry_mqtt/UnregisteredDevice/navInstruction: {'distanceRemaining': 0.0, 'maneuverDistance': 0.0, 'speedLimit': 0.0, 'timeRemaining': 0.0, 'dongle_id': 'UnregisteredDevice', 'timestamp': 1757517952.0134642}
📤 Enviando a telemetry_mqtt/UnregisteredDevice/radarState: {'radarErrors': [], 'dongle_id': 'UnregisteredDevice', 'timestamp': 1757517952.0137084}
📤 Enviando a telemetry_mqtt/UnregisteredDevice/drivingModelData: {'laneLineMeta': {'leftY': -1.4426589012145996, 'rightY': 1.6763302087783813, 'leftProb': 0.03839275985956192, 'rightProb': 0.04938080534338951}, 'dongle_id': 'UnregisteredDevice', 'timestamp': 1757517952.0138667}
📤 Enviando a telemetry_mqtt/UnregisteredDevice/carControl: {'actuators': {'gas': 0.0, 'brake': 0.0, 'steer': 1.0, 'steeringAngleDeg': 3.3189382553100586, 'accel': 1.7018272876739502, 'longControlState': 'pid', 'speed': 0.0, 'curvature': -0.002541611436754465, 'steerOutputCan': 0.0}, 'hudControl': {'speedVisible': True, 'setSpeed': 40.27777862548828, 'lanesVisible': True, 'leadVisible': False, 'visualAlert': 'none', 'audibleAlert': 'none', 'rightLaneVisible': True, 'leftLaneVisible': True, 'rightLaneDepart': False, 'leftLaneDepart': False, 'leadDistanceBars': 3}, 'dongle_id': 'UnregisteredDevice', 'timestamp': 1757517953.0156054, 'setSpeed_ms': 40.27777862548828, 'setSpeed_kmh': 145.00000305175783}
🚗 VELOCIDAD: 4.91 m/s = 17.7 km/h
📤 Enviando a telemetry_mqtt/UnregisteredDevice/carState: {'aEgo': 2.8017165660858154, 'cruiseState': {'enabled': True, 'speed': 0.0, 'available': True, 'speedOffset': 0.0, 'standstill': False, 'nonAdaptive': False, 'speedCluster': 0.0, 'speedLimit': 0.0}, 'leftBlinker': False, 'rightBlinker': False, 'vEgo': 4.913277626037598, 'vEgoCluster': 4.913277626037598, 'leftBlindspot': False, 'rightBlindspot': False, 'standstill': False, 'steeringAngleDeg': 0.5, 'steeringTorque': 0.0, 'steeringPressed': False, 'gasPressed': False, 'brakePressed': False, 'canValid': True, 'gearShifter': 'drive', 'steerFaultTemporary': False, 'steerFaultPermanent': False, 'dongle_id': 'UnregisteredDevice', 'timestamp': 1757517953.0161474, 'vEgo_kmh': 17.68779945373535, 'aEgo_ms2': 2.8017165660858154}
📤 Enviando a telemetry_mqtt/UnregisteredDevice/controlsState: {'active': True, 'alertSize': 'none', 'alertStatus': 'normal', 'alertBlinkingRate': 0.0, 'alertSound': 'none', 'vCruise': 145.0, 'longControlState': 'pid', 'vTargetLead': 0.0, 'upAccelCmd': -0.0, 'uiAccelCmd': 0.0, 'ufAccelCmd': 1.7018272876739502, 'aTarget': 0.0, 'cumLagMs': -3.251152992248535, 'experimentalMode': True, 'personality': 'relaxed', 'dongle_id': 'UnregisteredDevice', 'timestamp': 1757517953.0164714}
📤 Enviando a telemetry_mqtt/UnregisteredDevice/liveCalibration: {'calStatus': 'calibrated', 'calPerc': 100, 'dongle_id': 'UnregisteredDevice', 'timestamp': 1757517953.0166938}
📤 Enviando a telemetry_mqtt/UnregisteredDevice/gpsLocationExternal: {'latitude': 32.754530371102994, 'longitude': -117.20943428368666, 'altitude': 0.0, 'dongle_id': 'UnregisteredDevice', 'timestamp': 1757517953.0168908, 'gps_valid': True, 'gps_coords': '32.754530,-117.209434'}
📤 Enviando a telemetry_mqtt/UnregisteredDevice/navInstruction: {'distanceRemaining': 0.0, 'maneuverDistance': 0.0, 'speedLimit': 0.0, 'timeRemaining': 0.0, 'dongle_id': 'UnregisteredDevice', 'timestamp': 1757517953.0170817}
📤 Enviando a telemetry_mqtt/UnregisteredDevice/radarState: {'radarErrors': [], 'dongle_id': 'UnregisteredDevice', 'timestamp': 1757517953.0172515}
📤 Enviando a telemetry_mqtt/UnregisteredDevice/drivingModelData: {'laneLineMeta': {'leftY': -1.384170651435852, 'rightY': 1.8373034000396729, 'leftProb': 0.10177800059318542, 'rightProb': 0.16597554087638855}, 'dongle_id': 'UnregisteredDevice', 'timestamp': 1757517953.0174444}
📤 Enviando a telemetry_mqtt/UnregisteredDevice/carControl: {'actuators': {'gas': 0.0, 'brake': 0.0, 'steer': 1.0, 'steeringAngleDeg': 21.502389907836914, 'accel': 2.0, 'longControlState': 'pid', 'speed': 0.0, 'curvature': -0.010011994279921055, 'steerOutputCan': 0.0}, 'hudControl': {'speedVisible': True, 'setSpeed': 40.27777862548828, 'lanesVisible': True, 'leadVisible': False, 'visualAlert': 'none', 'audibleAlert': 'none', 'rightLaneVisible': True, 'leftLaneVisible': True, 'rightLaneDepart': False, 'leftLaneDepart': False, 'leadDistanceBars': 3}, 'dongle_id': 'UnregisteredDevice', 'timestamp': 1757517954.0193195, 'setSpeed_ms': 40.27777862548828, 'setSpeed_kmh': 145.00000305175783}
🚗 VELOCIDAD: 7.62 m/s = 27.4 km/h
📤 Enviando a telemetry_mqtt/UnregisteredDevice/carState: {'aEgo': 2.6230409145355225, 'cruiseState': {'enabled': True, 'speed': 0.0, 'available': True, 'speedOffset': 0.0, 'standstill': False, 'nonAdaptive': False, 'speedCluster': 0.0, 'speedLimit': 0.0}, 'leftBlinker': False, 'rightBlinker': False, 'vEgo': 7.6249823570251465, 'vEgoCluster': 7.6249823570251465, 'leftBlindspot': False, 'rightBlindspot': False, 'standstill': False, 'steeringAngleDeg': 1.5, 'steeringTorque': 0.0, 'steeringPressed': False, 'gasPressed': False, 'brakePressed': False, 'canValid': True, 'gearShifter': 'drive', 'steerFaultTemporary': False, 'steerFaultPermanent': False, 'dongle_id': 'UnregisteredDevice', 'timestamp': 1757517954.0198238, 'vEgo_kmh': 27.44993648529053, 'aEgo_ms2': 2.6230409145355225}
📤 Enviando a telemetry_mqtt/UnregisteredDevice/controlsState: {'active': True, 'alertSize': 'none', 'alertStatus': 'normal', 'alertBlinkingRate': 0.0, 'alertSound': 'none', 'vCruise': 145.0, 'longControlState': 'pid', 'vTargetLead': 0.0, 'upAccelCmd': -0.0, 'uiAccelCmd': 0.0, 'ufAccelCmd': 2.0380642414093018, 'aTarget': 0.0, 'cumLagMs': -2.106801986694336, 'experimentalMode': True, 'personality': 'relaxed', 'dongle_id': 'UnregisteredDevice', 'timestamp': 1757517954.020279}
📤 Enviando a telemetry_mqtt/UnregisteredDevice/liveCalibration: {'calStatus': 'calibrated', 'calPerc': 100, 'dongle_id': 'UnregisteredDevice', 'timestamp': 1757517954.0204737}
📤 Enviando a telemetry_mqtt/UnregisteredDevice/gpsLocationExternal: {'latitude': 32.75458792893381, 'longitude': -117.20941714323142, 'altitude': 0.0, 'dongle_id': 'UnregisteredDevice', 'timestamp': 1757517954.0206118, 'gps_valid': True, 'gps_coords': '32.754588,-117.209417'}
📤 Enviando a telemetry_mqtt/UnregisteredDevice/navInstruction: {'distanceRemaining': 0.0, 'maneuverDistance': 0.0, 'speedLimit': 0.0, 'timeRemaining': 0.0, 'dongle_id': 'UnregisteredDevice', 'timestamp': 1757517954.0207438}
📤 Enviando a telemetry_mqtt/UnregisteredDevice/radarState: {'radarErrors': [], 'dongle_id': 'UnregisteredDevice', 'timestamp': 1757517954.021081}
📤 Enviando a telemetry_mqtt/UnregisteredDevice/drivingModelData: {'laneLineMeta': {'leftY': -1.6140849590301514, 'rightY': 1.3959147930145264, 'leftProb': 0.14466731250286102, 'rightProb': 0.25475573539733887}, 'dongle_id': 'UnregisteredDevice', 'timestamp': 1757517954.0213065}
📤 Enviando a telemetry_mqtt/UnregisteredDevice/carControl: {'actuators': {'gas': 0.0, 'brake': 0.0, 'steer': 1.0, 'steeringAngleDeg': 34.91928482055664, 'accel': 0.24915510416030884, 'longControlState': 'pid', 'speed': 0.0, 'curvature': -0.015362096950411797, 'steerOutputCan': 0.0}, 'hudControl': {'speedVisible': True, 'setSpeed': 40.27777862548828, 'lanesVisible': True, 'leadVisible': False, 'visualAlert': 'none', 'audibleAlert': 'none', 'rightLaneVisible': True, 'leftLaneVisible': True, 'rightLaneDepart': False, 'leftLaneDepart': False, 'leadDistanceBars': 3}, 'dongle_id': 'UnregisteredDevice', 'timestamp': 1757517955.022221, 'setSpeed_ms': 40.27777862548828, 'setSpeed_kmh': 145.00000305175783}
🚗 VELOCIDAD: 10.00 m/s = 36.0 km/h
📤 Enviando a telemetry_mqtt/UnregisteredDevice/carState: {'aEgo': 1.8343918323516846, 'cruiseState': {'enabled': True, 'speed': 0.0, 'available': True, 'speedOffset': 0.0, 'standstill': False, 'nonAdaptive': False, 'speedCluster': 0.0, 'speedLimit': 0.0}, 'leftBlinker': False, 'rightBlinker': False, 'vEgo': 10.001142501831055, 'vEgoCluster': 10.001142501831055, 'leftBlindspot': False, 'rightBlindspot': False, 'standstill': False, 'steeringAngleDeg': 4.0, 'steeringTorque': 0.0, 'steeringPressed': False, 'gasPressed': False, 'brakePressed': False, 'canValid': True, 'gearShifter': 'drive', 'steerFaultTemporary': False, 'steerFaultPermanent': False, 'dongle_id': 'UnregisteredDevice', 'timestamp': 1757517955.0226603, 'vEgo_kmh': 36.0041130065918, 'aEgo_ms2': 1.8343918323516846}
📤 Enviando a telemetry_mqtt/UnregisteredDevice/controlsState: {'active': True, 'alertSize': 'none', 'alertStatus': 'normal', 'alertBlinkingRate': 0.0, 'alertSound': 'none', 'vCruise': 145.0, 'longControlState': 'pid', 'vTargetLead': 0.0, 'upAccelCmd': -0.0, 'uiAccelCmd': 0.0, 'ufAccelCmd': 0.24915510416030884, 'aTarget': 0.0, 'cumLagMs': -2.657531976699829, 'experimentalMode': True, 'personality': 'relaxed', 'dongle_id': 'UnregisteredDevice', 'timestamp': 1757517955.022907}
📤 Enviando a telemetry_mqtt/UnregisteredDevice/liveCalibration: {'calStatus': 'calibrated', 'calPerc': 100, 'dongle_id': 'UnregisteredDevice', 'timestamp': 1757517955.0230155}
📤 Enviando a telemetry_mqtt/UnregisteredDevice/gpsLocationExternal: {'latitude': 32.75466874512644, 'longitude': -117.20938691803076, 'altitude': 0.0, 'dongle_id': 'UnregisteredDevice', 'timestamp': 1757517955.0231342, 'gps_valid': True, 'gps_coords': '32.754669,-117.209387'}
📤 Enviando a telemetry_mqtt/UnregisteredDevice/navInstruction: {'distanceRemaining': 0.0, 'maneuverDistance': 0.0, 'speedLimit': 0.0, 'timeRemaining': 0.0, 'dongle_id': 'UnregisteredDevice', 'timestamp': 1757517955.0233371}
📤 Enviando a telemetry_mqtt/UnregisteredDevice/radarState: {'radarErrors': [], 'dongle_id': 'UnregisteredDevice', 'timestamp': 1757517955.0236833}
📤 Enviando a telemetry_mqtt/UnregisteredDevice/drivingModelData: {'laneLineMeta': {'leftY': -1.8603073358535767, 'rightY': 1.4125778675079346, 'leftProb': 0.023132476955652237, 'rightProb': 0.04219328239560127}, 'dongle_id': 'UnregisteredDevice', 'timestamp': 1757517955.0238433}
📊 Resumen de telemetría enviado: telemetry_mqtt/UnregisteredDevice/resumen_principal
📤 Enviando a telemetry_mqtt/UnregisteredDevice/carControl: {'actuators': {'gas': 0.0, 'brake': 0.0, 'steer': 1.0, 'steeringAngleDeg': 5.912576198577881, 'accel': 0.8318511843681335, 'longControlState': 'pid', 'speed': 0.0, 'curvature': -0.004064625129103661, 'steerOutputCan': 0.0}, 'hudControl': {'speedVisible': True, 'setSpeed': 40.27777862548828, 'lanesVisible': True, 'leadVisible': False, 'visualAlert': 'none', 'audibleAlert': 'none', 'rightLaneVisible': True, 'leftLaneVisible': True, 'rightLaneDepart': False, 'leftLaneDepart': False, 'leadDistanceBars': 3}, 'dongle_id': 'UnregisteredDevice', 'timestamp': 1757517956.0248492, 'setSpeed_ms': 40.27777862548828, 'setSpeed_kmh': 145.00000305175783}
🚗 VELOCIDAD: 11.49 m/s = 41.4 km/h
📤 Enviando a telemetry_mqtt/UnregisteredDevice/carState: {'aEgo': 0.33081546425819397, 'cruiseState': {'enabled': True, 'speed': 0.0, 'available': True, 'speedOffset': 0.0, 'standstill': False, 'nonAdaptive': False, 'speedCluster': 0.0, 'speedLimit': 0.0}, 'leftBlinker': False, 'rightBlinker': False, 'vEgo': 11.490970611572266, 'vEgoCluster': 11.490970611572266, 'leftBlindspot': False, 'rightBlindspot': False, 'standstill': False, 'steeringAngleDeg': 2.200000047683716, 'steeringTorque': 0.0, 'steeringPressed': False, 'gasPressed': False, 'brakePressed': False, 'canValid': True, 'gearShifter': 'drive', 'steerFaultTemporary': False, 'steerFaultPermanent': False, 'dongle_id': 'UnregisteredDevice', 'timestamp': 1757517956.0251899, 'vEgo_kmh': 41.36749420166016, 'aEgo_ms2': 0.33081546425819397}
📤 Enviando a telemetry_mqtt/UnregisteredDevice/controlsState: {'active': True, 'alertSize': 'none', 'alertStatus': 'normal', 'alertBlinkingRate': 0.0, 'alertSound': 'none', 'vCruise': 145.0, 'longControlState': 'pid', 'vTargetLead': 0.0, 'upAccelCmd': 0.0, 'uiAccelCmd': 0.0, 'ufAccelCmd': 0.8318511843681335, 'aTarget': 0.0, 'cumLagMs': -1.8928288221359253, 'experimentalMode': True, 'personality': 'relaxed', 'dongle_id': 'UnregisteredDevice', 'timestamp': 1757517956.0254254}
📤 Enviando a telemetry_mqtt/UnregisteredDevice/liveCalibration: {'calStatus': 'calibrated', 'calPerc': 100, 'dongle_id': 'UnregisteredDevice', 'timestamp': 1757517956.025529}
📤 Enviando a telemetry_mqtt/UnregisteredDevice/gpsLocationExternal: {'latitude': 32.7547610653779, 'longitude': -117.20933527958968, 'altitude': 0.0, 'dongle_id': 'UnregisteredDevice', 'timestamp': 1757517956.0257213, 'gps_valid': True, 'gps_coords': '32.754761,-117.209335'}
📤 Enviando a telemetry_mqtt/UnregisteredDevice/navInstruction: {'distanceRemaining': 0.0, 'maneuverDistance': 0.0, 'speedLimit': 0.0, 'timeRemaining': 0.0, 'dongle_id': 'UnregisteredDevice', 'timestamp': 1757517956.025818}
📤 Enviando a telemetry_mqtt/UnregisteredDevice/radarState: {'radarErrors': [], 'dongle_id': 'UnregisteredDevice', 'timestamp': 1757517956.0259461}
📤 Enviando a telemetry_mqtt/UnregisteredDevice/drivingModelData: {'laneLineMeta': {'leftY': -0.9549683332443237, 'rightY': 2.2829811573028564, 'leftProb': 0.6345863938331604, 'rightProb': 0.4188356101512909}, 'dongle_id': 'UnregisteredDevice', 'timestamp': 1757517956.026069}
📤 Enviando a telemetry_mqtt/UnregisteredDevice/carControl: {'actuators': {'gas': 0.0, 'brake': 0.0, 'steer': 1.0, 'steeringAngleDeg': 7.4766058921813965, 'accel': 0.6508951187133789, 'longControlState': 'pid', 'speed': 0.0, 'curvature': -0.004603239707648754, 'steerOutputCan': 0.0}, 'hudControl': {'speedVisible': True, 'setSpeed': 40.27777862548828, 'lanesVisible': True, 'leadVisible': False, 'visualAlert': 'none', 'audibleAlert': 'none', 'rightLaneVisible': True, 'leftLaneVisible': True, 'rightLaneDepart': False, 'leftLaneDepart': False, 'leadDistanceBars': 3}, 'dongle_id': 'UnregisteredDevice', 'timestamp': 1757517957.0272357, 'setSpeed_ms': 40.27777862548828, 'setSpeed_kmh': 145.00000305175783}
🚗 VELOCIDAD: 12.58 m/s = 45.3 km/h
📤 Enviando a telemetry_mqtt/UnregisteredDevice/carState: {'aEgo': 1.1860780715942383, 'cruiseState': {'enabled': True, 'speed': 0.0, 'available': True, 'speedOffset': 0.0, 'standstill': False, 'nonAdaptive': False, 'speedCluster': 0.0, 'speedLimit': 0.0}, 'leftBlinker': False, 'rightBlinker': False, 'vEgo': 12.581934928894043, 'vEgoCluster': 12.581934928894043, 'leftBlindspot': False, 'rightBlindspot': False, 'standstill': False, 'steeringAngleDeg': 0.8999999761581421, 'steeringTorque': 0.0, 'steeringPressed': False, 'gasPressed': False, 'brakePressed': False, 'canValid': True, 'gearShifter': 'drive', 'steerFaultTemporary': False, 'steerFaultPermanent': False, 'dongle_id': 'UnregisteredDevice', 'timestamp': 1757517957.0279298, 'vEgo_kmh': 45.294965744018555, 'aEgo_ms2': 1.1860780715942383}
📤 Enviando a telemetry_mqtt/UnregisteredDevice/controlsState: {'active': True, 'alertSize': 'none', 'alertStatus': 'normal', 'alertBlinkingRate': 0.0, 'alertSound': 'none', 'vCruise': 145.0, 'longControlState': 'pid', 'vTargetLead': 0.0, 'upAccelCmd': -0.0, 'uiAccelCmd': 0.0, 'ufAccelCmd': 0.6508951187133789, 'aTarget': 0.0, 'cumLagMs': -1.4003617763519287, 'experimentalMode': True, 'personality': 'relaxed', 'dongle_id': 'UnregisteredDevice', 'timestamp': 1757517957.0293334}
📤 Enviando a telemetry_mqtt/UnregisteredDevice/liveCalibration: {'calStatus': 'calibrated', 'calPerc': 100, 'dongle_id': 'UnregisteredDevice', 'timestamp': 1757517957.0299203}
📤 Enviando a telemetry_mqtt/UnregisteredDevice/gpsLocationExternal: {'latitude': 32.75485886445016, 'longitude': -117.20926715537169, 'altitude': 0.0, 'dongle_id': 'UnregisteredDevice', 'timestamp': 1757517957.0301383, 'gps_valid': True, 'gps_coords': '32.754859,-117.209267'}
📤 Enviando a telemetry_mqtt/UnregisteredDevice/navInstruction: {'distanceRemaining': 0.0, 'maneuverDistance': 0.0, 'speedLimit': 0.0, 'timeRemaining': 0.0, 'dongle_id': 'UnregisteredDevice', 'timestamp': 1757517957.030363}
📤 Enviando a telemetry_mqtt/UnregisteredDevice/radarState: {'radarErrors': [], 'dongle_id': 'UnregisteredDevice', 'timestamp': 1757517957.0306976}
📤 Enviando a telemetry_mqtt/UnregisteredDevice/drivingModelData: {'laneLineMeta': {'leftY': -0.7367266416549683, 'rightY': 2.349290132522583, 'leftProb': 0.5302236676216125, 'rightProb': 0.31514042615890503}, 'dongle_id': 'UnregisteredDevice', 'timestamp': 1757517957.0309305}
✅ Cambio de carril forzado a la DERECHA
📤 Enviando a telemetry_mqtt/UnregisteredDevice/carControl: {'actuators': {'gas': 0.0, 'brake': 0.0, 'steer': 1.0, 'steeringAngleDeg': 22.33704376220703, 'accel': 0.08488364517688751, 'longControlState': 'pid', 'speed': 0.0, 'curvature': -0.010272253304719925, 'steerOutputCan': 0.0}, 'hudControl': {'speedVisible': True, 'setSpeed': 40.27777862548828, 'lanesVisible': True, 'leadVisible': False, 'visualAlert': 'none', 'audibleAlert': 'none', 'rightLaneVisible': True, 'leftLaneVisible': True, 'rightLaneDepart': False, 'leftLaneDepart': False, 'leadDistanceBars': 3}, 'dongle_id': 'UnregisteredDevice', 'timestamp': 1757517958.0318427, 'setSpeed_ms': 40.27777862548828, 'setSpeed_kmh': 145.00000305175783}
🚗 VELOCIDAD: 13.10 m/s = 47.1 km/h
📤 Enviando a telemetry_mqtt/UnregisteredDevice/carState: {'aEgo': -0.6811444759368896, 'cruiseState': {'enabled': True, 'speed': 0.0, 'available': True, 'speedOffset': 0.0, 'standstill': False, 'nonAdaptive': False, 'speedCluster': 0.0, 'speedLimit': 0.0}, 'leftBlinker': False, 'rightBlinker': False, 'vEgo': 13.095099449157715, 'vEgoCluster': 13.095099449157715, 'leftBlindspot': False, 'rightBlindspot': False, 'standstill': False, 'steeringAngleDeg': 2.299999952316284, 'steeringTorque': 0.0, 'steeringPressed': False, 'gasPressed': False, 'brakePressed': False, 'canValid': True, 'gearShifter': 'drive', 'steerFaultTemporary': False, 'steerFaultPermanent': False, 'dongle_id': 'UnregisteredDevice', 'timestamp': 1757517958.0322459, 'vEgo_kmh': 47.142358016967776, 'aEgo_ms2': -0.6811444759368896}
📤 Enviando a telemetry_mqtt/UnregisteredDevice/controlsState: {'active': True, 'alertText1': 'Changing Lanes', 'alertText2': '', 'alertSize': 'small', 'alertStatus': 'normal', 'alertBlinkingRate': 0.0, 'alertType': 'laneChange/warning', 'alertSound': 'none', 'vCruise': 145.0, 'longControlState': 'pid', 'vTargetLead': 0.0, 'upAccelCmd': 0.0, 'uiAccelCmd': 0.0, 'ufAccelCmd': 0.08488364517688751, 'aTarget': 0.0, 'cumLagMs': 0.11848224699497223, 'experimentalMode': True, 'personality': 'relaxed', 'dongle_id': 'UnregisteredDevice', 'timestamp': 1757517958.0327036}
📤 Enviando a telemetry_mqtt/UnregisteredDevice/liveCalibration: {'calStatus': 'calibrated', 'calPerc': 100, 'dongle_id': 'UnregisteredDevice', 'timestamp': 1757517958.0330617}
📤 Enviando a telemetry_mqtt/UnregisteredDevice/gpsLocationExternal: {'latitude': 32.7549663778779, 'longitude': -117.20918427291015, 'altitude': 0.0, 'dongle_id': 'UnregisteredDevice', 'timestamp': 1757517958.033245, 'gps_valid': True, 'gps_coords': '32.754966,-117.209184'}
📤 Enviando a telemetry_mqtt/UnregisteredDevice/navInstruction: {'distanceRemaining': 0.0, 'maneuverDistance': 0.0, 'speedLimit': 0.0, 'timeRemaining': 0.0, 'dongle_id': 'UnregisteredDevice', 'timestamp': 1757517958.0335577}
📤 Enviando a telemetry_mqtt/UnregisteredDevice/radarState: {'radarErrors': [], 'dongle_id': 'UnregisteredDevice', 'timestamp': 1757517958.033807}
📤 Enviando a telemetry_mqtt/UnregisteredDevice/drivingModelData: {'laneLineMeta': {'leftY': -1.7505360841751099, 'rightY': 1.55307936668396, 'leftProb': 0.0316205695271492, 'rightProb': 0.05586037412285805}, 'dongle_id': 'UnregisteredDevice', 'timestamp': 1757517958.034159}
📤 Enviando a telemetry_mqtt/UnregisteredDevice/carControl: {'actuators': {'gas': 0.0, 'brake': 0.0, 'steer': 1.0, 'steeringAngleDeg': 14.26953125, 'accel': 0.42024531960487366, 'longControlState': 'pid', 'speed': 0.0, 'curvature': -0.0073972782120108604, 'steerOutputCan': 0.0}, 'hudControl': {'speedVisible': True, 'setSpeed': 40.27777862548828, 'lanesVisible': True, 'leadVisible': False, 'visualAlert': 'steerRequired', 'audibleAlert': 'none', 'rightLaneVisible': True, 'leftLaneVisible': True, 'rightLaneDepart': False, 'leftLaneDepart': False, 'leadDistanceBars': 3}, 'dongle_id': 'UnregisteredDevice', 'timestamp': 1757517959.0349302, 'setSpeed_ms': 40.27777862548828, 'setSpeed_kmh': 145.00000305175783}
🚗 VELOCIDAD: 12.84 m/s = 46.2 km/h
📤 Enviando a telemetry_mqtt/UnregisteredDevice/carState: {'aEgo': 0.10469792783260345, 'cruiseState': {'enabled': True, 'speed': 0.0, 'available': True, 'speedOffset': 0.0, 'standstill': False, 'nonAdaptive': False, 'speedCluster': 0.0, 'speedLimit': 0.0}, 'leftBlinker': False, 'rightBlinker': False, 'vEgo': 12.835762977600098, 'vEgoCluster': 12.835762977600098, 'leftBlindspot': False, 'rightBlindspot': False, 'standstill': False, 'steeringAngleDeg': 2.0, 'steeringTorque': 0.0, 'steeringPressed': False, 'gasPressed': False, 'brakePressed': False, 'canValid': True, 'gearShifter': 'drive', 'steerFaultTemporary': False, 'steerFaultPermanent': False, 'dongle_id': 'UnregisteredDevice', 'timestamp': 1757517959.0353513, 'vEgo_kmh': 46.208746719360356, 'aEgo_ms2': 0.10469792783260345}
📤 Enviando a telemetry_mqtt/UnregisteredDevice/controlsState: {'active': True, 'alertText1': 'Take Control', 'alertText2': 'Turn Exceeds Steering Limit', 'alertSize': 'mid', 'alertStatus': 'userPrompt', 'alertBlinkingRate': 0.0, 'alertType': 'steerSaturated/warning', 'alertSound': 'promptRepeat', 'vCruise': 145.0, 'longControlState': 'pid', 'vTargetLead': 0.0, 'upAccelCmd': 0.0, 'uiAccelCmd': 0.0, 'ufAccelCmd': 0.42024531960487366, 'aTarget': 0.0, 'cumLagMs': -1.5746697187423706, 'experimentalMode': True, 'personality': 'relaxed', 'dongle_id': 'UnregisteredDevice', 'timestamp': 1757517959.0355706}
📤 Enviando a telemetry_mqtt/UnregisteredDevice/liveCalibration: {'calStatus': 'calibrated', 'calPerc': 100, 'dongle_id': 'UnregisteredDevice', 'timestamp': 1757517959.0356812}
📤 Enviando a telemetry_mqtt/UnregisteredDevice/gpsLocationExternal: {'latitude': 32.75506012940378, 'longitude': -117.20909584910491, 'altitude': 0.0, 'dongle_id': 'UnregisteredDevice', 'timestamp': 1757517959.0357802, 'gps_valid': True, 'gps_coords': '32.755060,-117.209096'}
📤 Enviando a telemetry_mqtt/UnregisteredDevice/navInstruction: {'distanceRemaining': 0.0, 'maneuverDistance': 0.0, 'speedLimit': 0.0, 'timeRemaining': 0.0, 'dongle_id': 'UnregisteredDevice', 'timestamp': 1757517959.036048}
📤 Enviando a telemetry_mqtt/UnregisteredDevice/radarState: {'radarErrors': [], 'dongle_id': 'UnregisteredDevice', 'timestamp': 1757517959.0362477}
📤 Enviando a telemetry_mqtt/UnregisteredDevice/drivingModelData: {'laneLineMeta': {'leftY': -1.7997897863388062, 'rightY': 1.5223912000656128, 'leftProb': 0.05965648218989372, 'rightProb': 0.10115422308444977}, 'dongle_id': 'UnregisteredDevice', 'timestamp': 1757517959.0365715}
📤 Enviando a telemetry_mqtt/UnregisteredDevice/carControl: {'actuators': {'gas': 0.0, 'brake': 0.0, 'steer': 1.0, 'steeringAngleDeg': 31.427133560180664, 'accel': 0.05196725204586983, 'longControlState': 'pid', 'speed': 0.0, 'curvature': -0.014092612080276012, 'steerOutputCan': 0.0}, 'hudControl': {'speedVisible': True, 'setSpeed': 40.27777862548828, 'lanesVisible': True, 'leadVisible': False, 'visualAlert': 'steerRequired', 'audibleAlert': 'none', 'rightLaneVisible': True, 'leftLaneVisible': True, 'rightLaneDepart': False, 'leftLaneDepart': False, 'leadDistanceBars': 3}, 'dongle_id': 'UnregisteredDevice', 'timestamp': 1757517960.0373626, 'setSpeed_ms': 40.27777862548828, 'setSpeed_kmh': 145.00000305175783}
🚗 VELOCIDAD: 12.94 m/s = 46.6 km/h
📤 Enviando a telemetry_mqtt/UnregisteredDevice/carState: {'aEgo': 0.24912060797214508, 'cruiseState': {'enabled': True, 'speed': 0.0, 'available': True, 'speedOffset': 0.0, 'standstill': False, 'nonAdaptive': False, 'speedCluster': 0.0, 'speedLimit': 0.0}, 'leftBlinker': False, 'rightBlinker': False, 'vEgo': 12.940649032592773, 'vEgoCluster': 12.940649032592773, 'leftBlindspot': False, 'rightBlindspot': False, 'standstill': False, 'steeringAngleDeg': 3.299999952316284, 'steeringTorque': 0.0, 'steeringPressed': False, 'gasPressed': False, 'brakePressed': False, 'canValid': True, 'gearShifter': 'drive', 'steerFaultTemporary': False, 'steerFaultPermanent': False, 'dongle_id': 'UnregisteredDevice', 'timestamp': 1757517960.0377333, 'vEgo_kmh': 46.58633651733398, 'aEgo_ms2': 0.24912060797214508}
📤 Enviando a telemetry_mqtt/UnregisteredDevice/controlsState: {'active': True, 'alertText1': 'Take Control', 'alertText2': 'Turn Exceeds Steering Limit', 'alertSize': 'mid', 'alertStatus': 'userPrompt', 'alertBlinkingRate': 0.0, 'alertType': 'steerSaturated/warning', 'alertSound': 'promptRepeat', 'vCruise': 145.0, 'longControlState': 'pid', 'vTargetLead': 0.0, 'upAccelCmd': -0.0, 'uiAccelCmd': 0.0, 'ufAccelCmd': 0.05196725204586983, 'aTarget': 0.0, 'cumLagMs': -2.0926826000213623, 'experimentalMode': True, 'personality': 'relaxed', 'dongle_id': 'UnregisteredDevice', 'timestamp': 1757517960.0379407}
📤 Enviando a telemetry_mqtt/UnregisteredDevice/liveCalibration: {'calStatus': 'calibrated', 'calPerc': 100, 'dongle_id': 'UnregisteredDevice', 'timestamp': 1757517960.0380344}
📤 Enviando a telemetry_mqtt/UnregisteredDevice/gpsLocationExternal: {'latitude': 32.75514359482736, 'longitude': -117.20899766501525, 'altitude': 0.0, 'dongle_id': 'UnregisteredDevice', 'timestamp': 1757517960.038129, 'gps_valid': True, 'gps_coords': '32.755144,-117.208998'}
📤 Enviando a telemetry_mqtt/UnregisteredDevice/navInstruction: {'distanceRemaining': 0.0, 'maneuverDistance': 0.0, 'speedLimit': 0.0, 'timeRemaining': 0.0, 'dongle_id': 'UnregisteredDevice', 'timestamp': 1757517960.0382779}
📤 Enviando a telemetry_mqtt/UnregisteredDevice/radarState: {'radarErrors': [], 'dongle_id': 'UnregisteredDevice', 'timestamp': 1757517960.0385094}
📤 Enviando a telemetry_mqtt/UnregisteredDevice/drivingModelData: {'laneLineMeta': {'leftY': -2.4065585136413574, 'rightY': 1.1384224891662598, 'leftProb': 0.24974562227725983, 'rightProb': 0.21613545715808868}, 'dongle_id': 'UnregisteredDevice', 'timestamp': 1757517960.0386364}
📊 Resumen de telemetría enviado: telemetry_mqtt/UnregisteredDevice/resumen_principal
📤 Enviando a telemetry_mqtt/UnregisteredDevice/carControl: {'actuators': {'gas': 0.0, 'brake': 0.0, 'steer': 1.0, 'steeringAngleDeg': 21.594301223754883, 'accel': 0.47468894720077515, 'longControlState': 'pid', 'speed': 0.0, 'curvature': -0.010473242960870266, 'steerOutputCan': 0.0}, 'hudControl': {'speedVisible': True, 'setSpeed': 40.27777862548828, 'lanesVisible': True, 'leadVisible': False, 'visualAlert': 'steerRequired', 'audibleAlert': 'none', 'rightLaneVisible': True, 'leftLaneVisible': True, 'rightLaneDepart': False, 'leftLaneDepart': False, 'leadDistanceBars': 3}, 'dongle_id': 'UnregisteredDevice', 'timestamp': 1757517961.0440693, 'setSpeed_ms': 40.27777862548828, 'setSpeed_kmh': 145.00000305175783}
🚗 VELOCIDAD: 12.53 m/s = 45.1 km/h
📤 Enviando a telemetry_mqtt/UnregisteredDevice/carState: {'aEgo': 0.6173988580703735, 'cruiseState': {'enabled': True, 'speed': 0.0, 'available': True, 'speedOffset': 0.0, 'standstill': False, 'nonAdaptive': False, 'speedCluster': 0.0, 'speedLimit': 0.0}, 'leftBlinker': False, 'rightBlinker': False, 'vEgo': 12.528589248657227, 'vEgoCluster': 12.528589248657227, 'leftBlindspot': False, 'rightBlindspot': False, 'standstill': False, 'steeringAngleDeg': 2.5999999046325684, 'steeringTorque': 0.0, 'steeringPressed': False, 'gasPressed': False, 'brakePressed': False, 'canValid': True, 'gearShifter': 'drive', 'steerFaultTemporary': False, 'steerFaultPermanent': False, 'dongle_id': 'UnregisteredDevice', 'timestamp': 1757517961.0447454, 'vEgo_kmh': 45.10292129516602, 'aEgo_ms2': 0.6173988580703735}
📤 Enviando a telemetry_mqtt/UnregisteredDevice/controlsState: {'active': True, 'alertText1': 'Take Control', 'alertText2': 'Turn Exceeds Steering Limit', 'alertSize': 'mid', 'alertStatus': 'userPrompt', 'alertBlinkingRate': 0.0, 'alertType': 'steerSaturated/warning', 'alertSound': 'promptRepeat', 'vCruise': 145.0, 'longControlState': 'pid', 'vTargetLead': 0.0, 'upAccelCmd': -0.0, 'uiAccelCmd': 0.0, 'ufAccelCmd': 0.47468894720077515, 'aTarget': 0.0, 'cumLagMs': -2.1068456172943115, 'experimentalMode': True, 'personality': 'relaxed', 'dongle_id': 'UnregisteredDevice', 'timestamp': 1757517961.045208}
📤 Enviando a telemetry_mqtt/UnregisteredDevice/liveCalibration: {'calStatus': 'calibrated', 'calPerc': 100, 'dongle_id': 'UnregisteredDevice', 'timestamp': 1757517961.045411}
📤 Enviando a telemetry_mqtt/UnregisteredDevice/gpsLocationExternal: {'latitude': 32.75520918305368, 'longitude': -117.20889030959228, 'altitude': 0.0, 'dongle_id': 'UnregisteredDevice', 'timestamp': 1757517961.045592, 'gps_valid': True, 'gps_coords': '32.755209,-117.208890'}
📤 Enviando a telemetry_mqtt/UnregisteredDevice/navInstruction: {'distanceRemaining': 0.0, 'maneuverDistance': 0.0, 'speedLimit': 0.0, 'timeRemaining': 0.0, 'dongle_id': 'UnregisteredDevice', 'timestamp': 1757517961.0458832}
📤 Enviando a telemetry_mqtt/UnregisteredDevice/radarState: {'radarErrors': [], 'dongle_id': 'UnregisteredDevice', 'timestamp': 1757517961.0460825}
📤 Enviando a telemetry_mqtt/UnregisteredDevice/drivingModelData: {'laneLineMeta': {'leftY': -2.1747450828552246, 'rightY': 0.9688267111778259, 'leftProb': 0.5171506404876709, 'rightProb': 0.2045692652463913}, 'dongle_id': 'UnregisteredDevice', 'timestamp': 1757517961.046258}
📤 Enviando a telemetry_mqtt/UnregisteredDevice/carControl: {'actuators': {'gas': 0.0, 'brake': 0.0, 'steer': 1.0, 'steeringAngleDeg': 22.028766632080078, 'accel': 0.4097132086753845, 'longControlState': 'pid', 'speed': 0.0, 'curvature': -0.010652351193130016, 'steerOutputCan': 0.0}, 'hudControl': {'speedVisible': True, 'setSpeed': 40.27777862548828, 'lanesVisible': True, 'leadVisible': False, 'visualAlert': 'steerRequired', 'audibleAlert': 'none', 'rightLaneVisible': True, 'leftLaneVisible': True, 'rightLaneDepart': False, 'leftLaneDepart': False, 'leadDistanceBars': 3}, 'dongle_id': 'UnregisteredDevice', 'timestamp': 1757517962.0470705, 'setSpeed_ms': 40.27777862548828, 'setSpeed_kmh': 145.00000305175783}
🚗 VELOCIDAD: 13.41 m/s = 48.3 km/h
📤 Enviando a telemetry_mqtt/UnregisteredDevice/carState: {'aEgo': 0.7482866048812866, 'cruiseState': {'enabled': True, 'speed': 0.0, 'available': True, 'speedOffset': 0.0, 'standstill': False, 'nonAdaptive': False, 'speedCluster': 0.0, 'speedLimit': 0.0}, 'leftBlinker': False, 'rightBlinker': False, 'vEgo': 13.405163764953613, 'vEgoCluster': 13.405163764953613, 'leftBlindspot': False, 'rightBlindspot': False, 'standstill': False, 'steeringAngleDeg': 2.5999999046325684, 'steeringTorque': 0.0, 'steeringPressed': False, 'gasPressed': False, 'brakePressed': False, 'canValid': True, 'gearShifter': 'drive', 'steerFaultTemporary': False, 'steerFaultPermanent': False, 'dongle_id': 'UnregisteredDevice', 'timestamp': 1757517962.0476105, 'vEgo_kmh': 48.25858955383301, 'aEgo_ms2': 0.7482866048812866}
📤 Enviando a telemetry_mqtt/UnregisteredDevice/controlsState: {'active': True, 'alertText1': 'Take Control', 'alertText2': 'Turn Exceeds Steering Limit', 'alertSize': 'mid', 'alertStatus': 'userPrompt', 'alertBlinkingRate': 0.0, 'alertType': 'steerSaturated/warning', 'alertSound': 'promptRepeat', 'vCruise': 145.0, 'longControlState': 'pid', 'vTargetLead': 0.0, 'upAccelCmd': -0.0, 'uiAccelCmd': 0.0, 'ufAccelCmd': 0.4097132086753845, 'aTarget': 0.0, 'cumLagMs': -2.94853138923645, 'experimentalMode': True, 'personality': 'relaxed', 'dongle_id': 'UnregisteredDevice', 'timestamp': 1757517962.0479133}
📤 Enviando a telemetry_mqtt/UnregisteredDevice/liveCalibration: {'calStatus': 'calibrated', 'calPerc': 100, 'dongle_id': 'UnregisteredDevice', 'timestamp': 1757517962.0480301}
📤 Enviando a telemetry_mqtt/UnregisteredDevice/gpsLocationExternal: {'latitude': 32.755258046121305, 'longitude': -117.20877096129516, 'altitude': 0.0, 'dongle_id': 'UnregisteredDevice', 'timestamp': 1757517962.0481384, 'gps_valid': True, 'gps_coords': '32.755258,-117.208771'}
📤 Enviando a telemetry_mqtt/UnregisteredDevice/navInstruction: {'distanceRemaining': 0.0, 'maneuverDistance': 0.0, 'speedLimit': 0.0, 'timeRemaining': 0.0, 'dongle_id': 'UnregisteredDevice', 'timestamp': 1757517962.0482378}
📤 Enviando a telemetry_mqtt/UnregisteredDevice/radarState: {'radarErrors': [], 'dongle_id': 'UnregisteredDevice', 'timestamp': 1757517962.0483944}
📤 Enviando a telemetry_mqtt/UnregisteredDevice/drivingModelData: {'laneLineMeta': {'leftY': -1.4992698431015015, 'rightY': 1.6450791358947754, 'leftProb': 0.6697713732719421, 'rightProb': 0.3805549740791321}, 'dongle_id': 'UnregisteredDevice', 'timestamp': 1757517962.0485873}
📤 Enviando a telemetry_mqtt/UnregisteredDevice/carControl: {'actuators': {'gas': 0.0, 'brake': 0.0, 'steer': 1.0, 'steeringAngleDeg': 10.350072860717773, 'accel': 0.5337783694267273, 'longControlState': 'pid', 'speed': 0.0, 'curvature': -0.006202328018844128, 'steerOutputCan': 0.0}, 'hudControl': {'speedVisible': True, 'setSpeed': 40.27777862548828, 'lanesVisible': True, 'leadVisible': False, 'visualAlert': 'none', 'audibleAlert': 'none', 'rightLaneVisible': True, 'leftLaneVisible': True, 'rightLaneDepart': False, 'leftLaneDepart': False, 'leadDistanceBars': 3}, 'dongle_id': 'UnregisteredDevice', 'timestamp': 1757517963.0493765, 'setSpeed_ms': 40.27777862548828, 'setSpeed_kmh': 145.00000305175783}
🚗 VELOCIDAD: 13.81 m/s = 49.7 km/h
📤 Enviando a telemetry_mqtt/UnregisteredDevice/carState: {'aEgo': 0.8510600924491882, 'cruiseState': {'enabled': True, 'speed': 0.0, 'available': True, 'speedOffset': 0.0, 'standstill': False, 'nonAdaptive': False, 'speedCluster': 0.0, 'speedLimit': 0.0}, 'leftBlinker': False, 'rightBlinker': False, 'vEgo': 13.806426048278809, 'vEgoCluster': 13.806426048278809, 'leftBlindspot': False, 'rightBlindspot': False, 'standstill': False, 'steeringAngleDeg': 0.699999988079071, 'steeringTorque': 0.0, 'steeringPressed': False, 'gasPressed': False, 'brakePressed': False, 'canValid': True, 'gearShifter': 'drive', 'steerFaultTemporary': False, 'steerFaultPermanent': False, 'dongle_id': 'UnregisteredDevice', 'timestamp': 1757517963.0497878, 'vEgo_kmh': 49.703133773803714, 'aEgo_ms2': 0.8510600924491882}
📤 Enviando a telemetry_mqtt/UnregisteredDevice/controlsState: {'active': True, 'alertText1': 'Changing Lanes', 'alertText2': '', 'alertSize': 'small', 'alertStatus': 'normal', 'alertBlinkingRate': 0.0, 'alertType': 'laneChange/warning', 'alertSound': 'none', 'vCruise': 145.0, 'longControlState': 'pid', 'vTargetLead': 0.0, 'upAccelCmd': -0.0, 'uiAccelCmd': 0.0, 'ufAccelCmd': 0.5337783694267273, 'aTarget': 0.0, 'cumLagMs': -2.4888503551483154, 'experimentalMode': True, 'personality': 'relaxed', 'dongle_id': 'UnregisteredDevice', 'timestamp': 1757517963.0501916}
📤 Enviando a telemetry_mqtt/UnregisteredDevice/liveCalibration: {'calStatus': 'calibrated', 'calPerc': 100, 'dongle_id': 'UnregisteredDevice', 'timestamp': 1757517963.0503614}
📤 Enviando a telemetry_mqtt/UnregisteredDevice/gpsLocationExternal: {'latitude': 32.755295368356414, 'longitude': -117.20864144942381, 'altitude': 0.0, 'dongle_id': 'UnregisteredDevice', 'timestamp': 1757517963.050522, 'gps_valid': True, 'gps_coords': '32.755295,-117.208641'}
📤 Enviando a telemetry_mqtt/UnregisteredDevice/navInstruction: {'distanceRemaining': 0.0, 'maneuverDistance': 0.0, 'speedLimit': 0.0, 'timeRemaining': 0.0, 'dongle_id': 'UnregisteredDevice', 'timestamp': 1757517963.050727}
📤 Enviando a telemetry_mqtt/UnregisteredDevice/radarState: {'radarErrors': [], 'dongle_id': 'UnregisteredDevice', 'timestamp': 1757517963.0508888}
📤 Enviando a telemetry_mqtt/UnregisteredDevice/drivingModelData: {'laneLineMeta': {'leftY': -0.3778259754180908, 'rightY': 2.5270867347717285, 'leftProb': 0.46722009778022766, 'rightProb': 0.32631540298461914}, 'dongle_id': 'UnregisteredDevice', 'timestamp': 1757517963.0510466}
📤 Enviando a telemetry_mqtt/UnregisteredDevice/carControl: {'actuators': {'gas': 0.0, 'brake': 0.0, 'steer': 1.0, 'steeringAngleDeg': 11.204046249389648, 'accel': 0.17547675967216492, 'longControlState': 'pid', 'speed': 0.0, 'curvature': -0.006324893794953823, 'steerOutputCan': 0.0}, 'hudControl': {'speedVisible': True, 'setSpeed': 40.27777862548828, 'lanesVisible': True, 'leadVisible': False, 'visualAlert': 'none', 'audibleAlert': 'none', 'rightLaneVisible': True, 'leftLaneVisible': True, 'rightLaneDepart': False, 'leftLaneDepart': False, 'leadDistanceBars': 3}, 'dongle_id': 'UnregisteredDevice', 'timestamp': 1757517964.0517223, 'setSpeed_ms': 40.27777862548828, 'setSpeed_kmh': 145.00000305175783}
🚗 VELOCIDAD: 13.92 m/s = 50.1 km/h
📤 Enviando a telemetry_mqtt/UnregisteredDevice/carState: {'aEgo': -0.836000382900238, 'cruiseState': {'enabled': True, 'speed': 0.0, 'available': True, 'speedOffset': 0.0, 'standstill': False, 'nonAdaptive': False, 'speedCluster': 0.0, 'speedLimit': 0.0}, 'leftBlinker': False, 'rightBlinker': False, 'vEgo': 13.920099258422852, 'vEgoCluster': 13.920099258422852, 'leftBlindspot': False, 'rightBlindspot': False, 'standstill': False, 'steeringAngleDeg': 0.6000000238418579, 'steeringTorque': 0.0, 'steeringPressed': False, 'gasPressed': False, 'brakePressed': False, 'canValid': True, 'gearShifter': 'drive', 'steerFaultTemporary': False, 'steerFaultPermanent': False, 'dongle_id': 'UnregisteredDevice', 'timestamp': 1757517964.0520618, 'vEgo_kmh': 50.11235733032227, 'aEgo_ms2': -0.836000382900238}
📤 Enviando a telemetry_mqtt/UnregisteredDevice/controlsState: {'active': True, 'alertSize': 'none', 'alertStatus': 'normal', 'alertBlinkingRate': 0.0, 'alertSound': 'none', 'vCruise': 145.0, 'longControlState': 'pid', 'vTargetLead': 0.0, 'upAccelCmd': 0.0, 'uiAccelCmd': 0.0, 'ufAccelCmd': 0.17547675967216492, 'aTarget': 0.0, 'cumLagMs': -3.3580143451690674, 'experimentalMode': True, 'personality': 'relaxed', 'dongle_id': 'UnregisteredDevice', 'timestamp': 1757517964.0523102}
📤 Enviando a telemetry_mqtt/UnregisteredDevice/liveCalibration: {'calStatus': 'calibrated', 'calPerc': 100, 'dongle_id': 'UnregisteredDevice', 'timestamp': 1757517964.0528126}
📤 Enviando a telemetry_mqtt/UnregisteredDevice/gpsLocationExternal: {'latitude': 32.75532055069895, 'longitude': -117.20850360488036, 'altitude': 0.0, 'dongle_id': 'UnregisteredDevice', 'timestamp': 1757517964.0529418, 'gps_valid': True, 'gps_coords': '32.755321,-117.208504'}
📤 Enviando a telemetry_mqtt/UnregisteredDevice/navInstruction: {'distanceRemaining': 0.0, 'maneuverDistance': 0.0, 'speedLimit': 0.0, 'timeRemaining': 0.0, 'dongle_id': 'UnregisteredDevice', 'timestamp': 1757517964.0530677}
📤 Enviando a telemetry_mqtt/UnregisteredDevice/radarState: {'radarErrors': [], 'dongle_id': 'UnregisteredDevice', 'timestamp': 1757517964.0533288}
📤 Enviando a telemetry_mqtt/UnregisteredDevice/drivingModelData: {'laneLineMeta': {'leftY': -0.8888333439826965, 'rightY': 2.458364725112915, 'leftProb': 0.6201337575912476, 'rightProb': 0.5916088223457336}, 'dongle_id': 'UnregisteredDevice', 'timestamp': 1757517964.053551}
📤 Enviando a telemetry_mqtt/UnregisteredDevice/carControl: {'actuators': {'gas': 0.0, 'brake': 0.0, 'steer': 1.0, 'steeringAngleDeg': 17.524707794189453, 'accel': -0.7301385998725891, 'longControlState': 'pid', 'speed': 0.0, 'curvature': -0.008809461258351803, 'steerOutputCan': 0.0}, 'hudControl': {'speedVisible': True, 'setSpeed': 40.27777862548828, 'lanesVisible': True, 'leadVisible': False, 'visualAlert': 'steerRequired', 'audibleAlert': 'none', 'rightLaneVisible': True, 'leftLaneVisible': True, 'rightLaneDepart': False, 'leftLaneDepart': False, 'leadDistanceBars': 3}, 'dongle_id': 'UnregisteredDevice', 'timestamp': 1757517965.0548813, 'setSpeed_ms': 40.27777862548828, 'setSpeed_kmh': 145.00000305175783}
🚗 VELOCIDAD: 12.63 m/s = 45.5 km/h
📤 Enviando a telemetry_mqtt/UnregisteredDevice/carState: {'aEgo': -0.47891294956207275, 'cruiseState': {'enabled': True, 'speed': 0.0, 'available': True, 'speedOffset': 0.0, 'standstill': False, 'nonAdaptive': False, 'speedCluster': 0.0, 'speedLimit': 0.0}, 'leftBlinker': False, 'rightBlinker': False, 'vEgo': 12.626378059387207, 'vEgoCluster': 12.626378059387207, 'leftBlindspot': False, 'rightBlindspot': False, 'standstill': False, 'steeringAngleDeg': 1.7000000476837158, 'steeringTorque': 0.0, 'steeringPressed': False, 'gasPressed': False, 'brakePressed': False, 'canValid': True, 'gearShifter': 'drive', 'steerFaultTemporary': False, 'steerFaultPermanent': False, 'dongle_id': 'UnregisteredDevice', 'timestamp': 1757517965.0554564, 'vEgo_kmh': 45.45496101379395, 'aEgo_ms2': -0.47891294956207275}
📤 Enviando a telemetry_mqtt/UnregisteredDevice/controlsState: {'active': True, 'alertText1': 'Take Control', 'alertText2': 'Turn Exceeds Steering Limit', 'alertSize': 'mid', 'alertStatus': 'userPrompt', 'alertBlinkingRate': 0.0, 'alertType': 'steerSaturated/warning', 'alertSound': 'promptRepeat', 'vCruise': 145.0, 'longControlState': 'pid', 'vTargetLead': 0.0, 'upAccelCmd': -0.0, 'uiAccelCmd': 0.0, 'ufAccelCmd': -0.7301385998725891, 'aTarget': 0.0, 'cumLagMs': -3.1504123210906982, 'experimentalMode': True, 'personality': 'relaxed', 'dongle_id': 'UnregisteredDevice', 'timestamp': 1757517965.0558648}
📤 Enviando a telemetry_mqtt/UnregisteredDevice/liveCalibration: {'calStatus': 'calibrated', 'calPerc': 100, 'dongle_id': 'UnregisteredDevice', 'timestamp': 1757517965.056013}
📤 Enviando a telemetry_mqtt/UnregisteredDevice/gpsLocationExternal: {'latitude': 32.75533714753122, 'longitude': -117.20837255629637, 'altitude': 0.0, 'dongle_id': 'UnregisteredDevice', 'timestamp': 1757517965.0562124, 'gps_valid': True, 'gps_coords': '32.755337,-117.208373'}
📤 Enviando a telemetry_mqtt/UnregisteredDevice/navInstruction: {'distanceRemaining': 0.0, 'maneuverDistance': 0.0, 'speedLimit': 0.0, 'timeRemaining': 0.0, 'dongle_id': 'UnregisteredDevice', 'timestamp': 1757517965.0563967}
📤 Enviando a telemetry_mqtt/UnregisteredDevice/radarState: {'radarErrors': [], 'dongle_id': 'UnregisteredDevice', 'timestamp': 1757517965.0568118}
📤 Enviando a telemetry_mqtt/UnregisteredDevice/drivingModelData: {'laneLineMeta': {'leftY': -1.563432216644287, 'rightY': 1.9769240617752075, 'leftProb': 0.9154744744300842, 'rightProb': 0.8829750418663025}, 'dongle_id': 'UnregisteredDevice', 'timestamp': 1757517965.0570967}
📊 Resumen de telemetría enviado: telemetry_mqtt/UnregisteredDevice/resumen_principal
📤 Enviando a telemetry_mqtt/UnregisteredDevice/carControl: {'actuators': {'gas': 0.0, 'brake': 0.0, 'steer': 1.0, 'steeringAngleDeg': 3.6889488697052, 'accel': -3.5, 'longControlState': 'pid', 'speed': 0.0, 'curvature': -0.0037006912752985954, 'steerOutputCan': 0.0}, 'hudControl': {'speedVisible': True, 'setSpeed': 40.27777862548828, 'lanesVisible': True, 'leadVisible': False, 'visualAlert': 'steerRequired', 'audibleAlert': 'none', 'rightLaneVisible': True, 'leftLaneVisible': True, 'rightLaneDepart': False, 'leftLaneDepart': False, 'leadDistanceBars': 3}, 'dongle_id': 'UnregisteredDevice', 'timestamp': 1757517966.0590932, 'setSpeed_ms': 40.27777862548828, 'setSpeed_kmh': 145.00000305175783}
🚗 VELOCIDAD: 8.48 m/s = 30.5 km/h
📤 Enviando a telemetry_mqtt/UnregisteredDevice/carState: {'aEgo': -5.8048858642578125, 'cruiseState': {'enabled': True, 'speed': 0.0, 'available': True, 'speedOffset': 0.0, 'standstill': False, 'nonAdaptive': False, 'speedCluster': 0.0, 'speedLimit': 0.0}, 'leftBlinker': False, 'rightBlinker': False, 'vEgo': 8.483404159545898, 'vEgoCluster': 8.483404159545898, 'leftBlindspot': False, 'rightBlindspot': False, 'standstill': False, 'steeringAngleDeg': 0.800000011920929, 'steeringTorque': 0.0, 'steeringPressed': False, 'gasPressed': False, 'brakePressed': False, 'canValid': True, 'gearShifter': 'drive', 'steerFaultTemporary': False, 'steerFaultPermanent': False, 'dongle_id': 'UnregisteredDevice', 'timestamp': 1757517966.059641, 'vEgo_kmh': 30.540254974365237, 'aEgo_ms2': -5.8048858642578125}
📤 Enviando a telemetry_mqtt/UnregisteredDevice/controlsState: {'active': True, 'alertText1': 'Take Control', 'alertText2': 'Turn Exceeds Steering Limit', 'alertSize': 'mid', 'alertStatus': 'userPrompt', 'alertBlinkingRate': 0.0, 'alertType': 'steerSaturated/warning', 'alertSound': 'promptRepeat', 'vCruise': 145.0, 'longControlState': 'pid', 'vTargetLead': 0.0, 'upAccelCmd': 0.0, 'uiAccelCmd': 0.0, 'ufAccelCmd': -3.537097692489624, 'aTarget': 0.0, 'cumLagMs': -2.5285191535949707, 'experimentalMode': True, 'personality': 'relaxed', 'dongle_id': 'UnregisteredDevice', 'timestamp': 1757517966.0599997}
📤 Enviando a telemetry_mqtt/UnregisteredDevice/liveCalibration: {'calStatus': 'calibrated', 'calPerc': 100, 'dongle_id': 'UnregisteredDevice', 'timestamp': 1757517966.0601435}
📤 Enviando a telemetry_mqtt/UnregisteredDevice/gpsLocationExternal: {'latitude': 32.75534251282663, 'longitude': -117.20825925307372, 'altitude': 0.0, 'dongle_id': 'UnregisteredDevice', 'timestamp': 1757517966.0602643, 'gps_valid': True, 'gps_coords': '32.755343,-117.208259'}
📤 Enviando a telemetry_mqtt/UnregisteredDevice/navInstruction: {'distanceRemaining': 0.0, 'maneuverDistance': 0.0, 'speedLimit': 0.0, 'timeRemaining': 0.0, 'dongle_id': 'UnregisteredDevice', 'timestamp': 1757517966.0605257}
📤 Enviando a telemetry_mqtt/UnregisteredDevice/radarState: {'radarErrors': [], 'dongle_id': 'UnregisteredDevice', 'timestamp': 1757517966.0606902}
📤 Enviando a telemetry_mqtt/UnregisteredDevice/drivingModelData: {'laneLineMeta': {'leftY': -1.8804214000701904, 'rightY': 1.6397186517715454, 'leftProb': 0.794495701789856, 'rightProb': 0.7417133450508118}, 'dongle_id': 'UnregisteredDevice', 'timestamp': 1757517966.060811}
📤 Enviando a telemetry_mqtt/UnregisteredDevice/carControl: {'actuators': {'gas': 0.0, 'brake': 0.0, 'steer': -1.0, 'steeringAngleDeg': -2.4681432247161865, 'accel': -2.827101469039917, 'longControlState': 'pid', 'speed': 0.0, 'curvature': -0.0008566720061935484, 'steerOutputCan': 0.0}, 'hudControl': {'speedVisible': True, 'setSpeed': 40.27777862548828, 'lanesVisible': True, 'leadVisible': False, 'visualAlert': 'none', 'audibleAlert': 'none', 'rightLaneVisible': True, 'leftLaneVisible': True, 'rightLaneDepart': False, 'leftLaneDepart': False, 'leadDistanceBars': 3}, 'dongle_id': 'UnregisteredDevice', 'timestamp': 1757517967.0628374, 'setSpeed_ms': 40.27777862548828, 'setSpeed_kmh': 145.00000305175783}
🚗 VELOCIDAD: 2.96 m/s = 10.7 km/h
📤 Enviando a telemetry_mqtt/UnregisteredDevice/carState: {'aEgo': -5.547119617462158, 'cruiseState': {'enabled': True, 'speed': 0.0, 'available': True, 'speedOffset': 0.0, 'standstill': False, 'nonAdaptive': False, 'speedCluster': 0.0, 'speedLimit': 0.0}, 'leftBlinker': False, 'rightBlinker': False, 'vEgo': 2.9647269248962402, 'vEgoCluster': 2.9647269248962402, 'leftBlindspot': False, 'rightBlindspot': False, 'standstill': False, 'steeringAngleDeg': -0.20000000298023224, 'steeringTorque': 0.0, 'steeringPressed': False, 'gasPressed': False, 'brakePressed': False, 'canValid': True, 'gearShifter': 'drive', 'steerFaultTemporary': False, 'steerFaultPermanent': False, 'dongle_id': 'UnregisteredDevice', 'timestamp': 1757517967.0635052, 'vEgo_kmh': 10.673016929626465, 'aEgo_ms2': -5.547119617462158}
📤 Enviando a telemetry_mqtt/UnregisteredDevice/controlsState: {'active': True, 'alertSize': 'none', 'alertStatus': 'normal', 'alertBlinkingRate': 0.0, 'alertSound': 'none', 'vCruise': 145.0, 'longControlState': 'pid', 'vTargetLead': 0.0, 'upAccelCmd': 0.0, 'uiAccelCmd': 0.0, 'ufAccelCmd': -2.827101469039917, 'aTarget': 0.0, 'cumLagMs': -3.0362231731414795, 'experimentalMode': True, 'personality': 'relaxed', 'dongle_id': 'UnregisteredDevice', 'timestamp': 1757517967.0639002}
📤 Enviando a telemetry_mqtt/UnregisteredDevice/liveCalibration: {'calStatus': 'calibrated', 'calPerc': 100, 'dongle_id': 'UnregisteredDevice', 'timestamp': 1757517967.0640516}
📤 Enviando a telemetry_mqtt/UnregisteredDevice/gpsLocationExternal: {'latitude': 32.75534277008981, 'longitude': -117.2081963651953, 'altitude': 0.0, 'dongle_id': 'UnregisteredDevice', 'timestamp': 1757517967.0642235, 'gps_valid': True, 'gps_coords': '32.755343,-117.208196'}
📤 Enviando a telemetry_mqtt/UnregisteredDevice/navInstruction: {'distanceRemaining': 0.0, 'maneuverDistance': 0.0, 'speedLimit': 0.0, 'timeRemaining': 0.0, 'dongle_id': 'UnregisteredDevice', 'timestamp': 1757517967.0643458}
📤 Enviando a telemetry_mqtt/UnregisteredDevice/radarState: {'radarErrors': [], 'dongle_id': 'UnregisteredDevice', 'timestamp': 1757517967.0645263}
📤 Enviando a telemetry_mqtt/UnregisteredDevice/drivingModelData: {'laneLineMeta': {'leftY': -1.9827944040298462, 'rightY': 1.4470736980438232, 'leftProb': 0.34862351417541504, 'rightProb': 0.48987385630607605}, 'dongle_id': 'UnregisteredDevice', 'timestamp': 1757517967.0647504}
📤 Enviando a telemetry_mqtt/UnregisteredDevice/carControl: {'actuators': {'gas': 0.0, 'brake': 0.0, 'steer': 0.0, 'steeringAngleDeg': -34.19599533081055, 'accel': 0.23379294574260712, 'longControlState': 'pid', 'speed': 0.0, 'curvature': 0.012799559161067009, 'steerOutputCan': 0.0}, 'hudControl': {'speedVisible': True, 'setSpeed': 40.27777862548828, 'lanesVisible': True, 'leadVisible': False, 'visualAlert': 'none', 'audibleAlert': 'none', 'rightLaneVisible': True, 'leftLaneVisible': True, 'rightLaneDepart': False, 'leftLaneDepart': False, 'leadDistanceBars': 3}, 'dongle_id': 'UnregisteredDevice', 'timestamp': 1757517968.0658443, 'setSpeed_ms': 40.27777862548828, 'setSpeed_kmh': 145.00000305175783}
🚗 VELOCIDAD: -0.01 m/s = -0.0 km/h
📤 Enviando a telemetry_mqtt/UnregisteredDevice/carState: {'aEgo': -0.041250091046094894, 'cruiseState': {'enabled': True, 'speed': 0.0, 'available': True, 'speedOffset': 0.0, 'standstill': False, 'nonAdaptive': False, 'speedCluster': 0.0, 'speedLimit': 0.0}, 'leftBlinker': False, 'rightBlinker': False, 'vEgo': -0.010303599759936333, 'vEgoCluster': -0.010303599759936333, 'leftBlindspot': False, 'rightBlindspot': False, 'standstill': True, 'steeringAngleDeg': 25.100000381469727, 'steeringTorque': 0.0, 'steeringPressed': False, 'gasPressed': False, 'brakePressed': False, 'canValid': True, 'gearShifter': 'drive', 'steerFaultTemporary': False, 'steerFaultPermanent': False, 'dongle_id': 'UnregisteredDevice', 'timestamp': 1757517968.0662327, 'vEgo_kmh': -0.0370929591357708, 'aEgo_ms2': -0.041250091046094894}
📤 Enviando a telemetry_mqtt/UnregisteredDevice/controlsState: {'active': True, 'alertSize': 'none', 'alertStatus': 'normal', 'alertBlinkingRate': 0.0, 'alertSound': 'none', 'vCruise': 145.0, 'longControlState': 'pid', 'vTargetLead': 0.0, 'upAccelCmd': 0.0, 'uiAccelCmd': 0.0, 'ufAccelCmd': 0.23379294574260712, 'aTarget': 0.0, 'cumLagMs': -2.824429988861084, 'experimentalMode': True, 'personality': 'relaxed', 'dongle_id': 'UnregisteredDevice', 'timestamp': 1757517968.0664635}
📤 Enviando a telemetry_mqtt/UnregisteredDevice/liveCalibration: {'calStatus': 'calibrated', 'calPerc': 100, 'dongle_id': 'UnregisteredDevice', 'timestamp': 1757517968.0666673}
📤 Enviando a telemetry_mqtt/UnregisteredDevice/gpsLocationExternal: {'latitude': 32.75534280838937, 'longitude': -117.20818362486938, 'altitude': 0.0, 'dongle_id': 'UnregisteredDevice', 'timestamp': 1757517968.0669003, 'gps_valid': True, 'gps_coords': '32.755343,-117.208184'}
📤 Enviando a telemetry_mqtt/UnregisteredDevice/navInstruction: {'distanceRemaining': 0.0, 'maneuverDistance': 0.0, 'speedLimit': 0.0, 'timeRemaining': 0.0, 'dongle_id': 'UnregisteredDevice', 'timestamp': 1757517968.0670595}
📤 Enviando a telemetry_mqtt/UnregisteredDevice/radarState: {'radarErrors': [], 'dongle_id': 'UnregisteredDevice', 'timestamp': 1757517968.067394}
📤 Enviando a telemetry_mqtt/UnregisteredDevice/drivingModelData: {'laneLineMeta': {'leftY': -1.8497182130813599, 'rightY': 1.358944296836853, 'leftProb': 0.32888486981391907, 'rightProb': 0.3442811965942383}, 'dongle_id': 'UnregisteredDevice', 'timestamp': 1757517968.0675716}
📤 Enviando a telemetry_mqtt/UnregisteredDevice/carControl: {'actuators': {'gas': 0.0, 'brake': 0.0, 'steer': 0.0, 'steeringAngleDeg': 29.03182601928711, 'accel': -0.3125338554382324, 'longControlState': 'pid', 'speed': 0.0, 'curvature': -0.014117734506726265, 'steerOutputCan': 0.0}, 'hudControl': {'speedVisible': True, 'setSpeed': 40.27777862548828, 'lanesVisible': True, 'leadVisible': False, 'visualAlert': 'none', 'audibleAlert': 'none', 'rightLaneVisible': True, 'leftLaneVisible': True, 'rightLaneDepart': False, 'leftLaneDepart': False, 'leadDistanceBars': 3}, 'dongle_id': 'UnregisteredDevice', 'timestamp': 1757517969.068396, 'setSpeed_ms': 40.27777862548828, 'setSpeed_kmh': 145.00000305175783}
🚗 VELOCIDAD: 0.19 m/s = 0.7 km/h
📤 Enviando a telemetry_mqtt/UnregisteredDevice/carState: {'aEgo': 0.42522943019866943, 'cruiseState': {'enabled': True, 'speed': 0.0, 'available': True, 'speedOffset': 0.0, 'standstill': False, 'nonAdaptive': False, 'speedCluster': 0.0, 'speedLimit': 0.0}, 'leftBlinker': False, 'rightBlinker': False, 'vEgo': 0.18745540082454681, 'vEgoCluster': 0.18745540082454681, 'leftBlindspot': False, 'rightBlindspot': False, 'standstill': False, 'steeringAngleDeg': 2.0999999046325684, 'steeringTorque': 0.0, 'steeringPressed': False, 'gasPressed': False, 'brakePressed': False, 'canValid': True, 'gearShifter': 'drive', 'steerFaultTemporary': False, 'steerFaultPermanent': False, 'dongle_id': 'UnregisteredDevice', 'timestamp': 1757517969.0688596, 'vEgo_kmh': 0.6748394429683685, 'aEgo_ms2': 0.42522943019866943}
📤 Enviando a telemetry_mqtt/UnregisteredDevice/controlsState: {'active': True, 'alertSize': 'none', 'alertStatus': 'normal', 'alertBlinkingRate': 0.0, 'alertSound': 'none', 'vCruise': 145.0, 'longControlState': 'pid', 'vTargetLead': 0.0, 'upAccelCmd': -0.0, 'uiAccelCmd': 0.0, 'ufAccelCmd': -0.3125338554382324, 'aTarget': 0.0, 'cumLagMs': -3.1169071197509766, 'experimentalMode': True, 'personality': 'relaxed', 'dongle_id': 'UnregisteredDevice', 'timestamp': 1757517969.0692618}
📤 Enviando a telemetry_mqtt/UnregisteredDevice/liveCalibration: {'calStatus': 'calibrated', 'calPerc': 100, 'dongle_id': 'UnregisteredDevice', 'timestamp': 1757517969.0695465}
📤 Enviando a telemetry_mqtt/UnregisteredDevice/gpsLocationExternal: {'latitude': 32.755342704782194, 'longitude': -117.20818259474852, 'altitude': 0.0, 'dongle_id': 'UnregisteredDevice', 'timestamp': 1757517969.069659, 'gps_valid': True, 'gps_coords': '32.755343,-117.208183'}
📤 Enviando a telemetry_mqtt/UnregisteredDevice/navInstruction: {'distanceRemaining': 0.0, 'maneuverDistance': 0.0, 'speedLimit': 0.0, 'timeRemaining': 0.0, 'dongle_id': 'UnregisteredDevice', 'timestamp': 1757517969.0698073}
📤 Enviando a telemetry_mqtt/UnregisteredDevice/radarState: {'radarErrors': [], 'dongle_id': 'UnregisteredDevice', 'timestamp': 1757517969.0700374}
📤 Enviando a telemetry_mqtt/UnregisteredDevice/drivingModelData: {'laneLineMeta': {'leftY': -1.8078405857086182, 'rightY': 1.3890290260314941, 'leftProb': 0.07031527906656265, 'rightProb': 0.09070183336734772}, 'dongle_id': 'UnregisteredDevice', 'timestamp': 1757517969.0702085}
📤 Enviando a telemetry_mqtt/UnregisteredDevice/carControl: {'actuators': {'gas': 0.0, 'brake': 0.0, 'steer': 1.0, 'steeringAngleDeg': 43.80635452270508, 'accel': 1.6954476833343506, 'longControlState': 'pid', 'speed': 0.0, 'curvature': -0.020426107570528984, 'steerOutputCan': 0.0}, 'hudControl': {'speedVisible': True, 'setSpeed': 40.27777862548828, 'lanesVisible': True, 'leadVisible': False, 'visualAlert': 'none', 'audibleAlert': 'none', 'rightLaneVisible': True, 'leftLaneVisible': True, 'rightLaneDepart': False, 'leftLaneDepart': False, 'leadDistanceBars': 3}, 'dongle_id': 'UnregisteredDevice', 'timestamp': 1757517970.0711179, 'setSpeed_ms': 40.27777862548828, 'setSpeed_kmh': 145.00000305175783}
🚗 VELOCIDAD: 1.45 m/s = 5.2 km/h
📤 Enviando a telemetry_mqtt/UnregisteredDevice/carState: {'aEgo': 2.4166293144226074, 'cruiseState': {'enabled': True, 'speed': 0.0, 'available': True, 'speedOffset': 0.0, 'standstill': False, 'nonAdaptive': False, 'speedCluster': 0.0, 'speedLimit': 0.0}, 'leftBlinker': False, 'rightBlinker': False, 'vEgo': 1.453599214553833, 'vEgoCluster': 1.453599214553833, 'leftBlindspot': False, 'rightBlindspot': False, 'standstill': False, 'steeringAngleDeg': 17.799999237060547, 'steeringTorque': 0.0, 'steeringPressed': False, 'gasPressed': False, 'brakePressed': False, 'canValid': True, 'gearShifter': 'drive', 'steerFaultTemporary': False, 'steerFaultPermanent': False, 'dongle_id': 'UnregisteredDevice', 'timestamp': 1757517970.0715656, 'vEgo_kmh': 5.232957172393799, 'aEgo_ms2': 2.4166293144226074}
📤 Enviando a telemetry_mqtt/UnregisteredDevice/controlsState: {'active': True, 'alertSize': 'none', 'alertStatus': 'normal', 'alertBlinkingRate': 0.0, 'alertSound': 'none', 'vCruise': 145.0, 'longControlState': 'pid', 'vTargetLead': 0.0, 'upAccelCmd': -0.0, 'uiAccelCmd': 0.0, 'ufAccelCmd': 1.6954476833343506, 'aTarget': 0.0, 'cumLagMs': -1.267056941986084, 'experimentalMode': True, 'personality': 'relaxed', 'dongle_id': 'UnregisteredDevice', 'timestamp': 1757517970.0719664}
📤 Enviando a telemetry_mqtt/UnregisteredDevice/liveCalibration: {'calStatus': 'calibrated', 'calPerc': 100, 'dongle_id': 'UnregisteredDevice', 'timestamp': 1757517970.0721767}
📤 Enviando a telemetry_mqtt/UnregisteredDevice/gpsLocationExternal: {'latitude': 32.75534238053293, 'longitude': -117.20817737135985, 'altitude': 0.0, 'dongle_id': 'UnregisteredDevice', 'timestamp': 1757517970.0723195, 'gps_valid': True, 'gps_coords': '32.755342,-117.208177'}
📤 Enviando a telemetry_mqtt/UnregisteredDevice/navInstruction: {'distanceRemaining': 0.0, 'maneuverDistance': 0.0, 'speedLimit': 0.0, 'timeRemaining': 0.0, 'dongle_id': 'UnregisteredDevice', 'timestamp': 1757517970.072466}
📤 Enviando a telemetry_mqtt/UnregisteredDevice/radarState: {'radarErrors': [], 'dongle_id': 'UnregisteredDevice', 'timestamp': 1757517970.072769}
📤 Enviando a telemetry_mqtt/UnregisteredDevice/drivingModelData: {'laneLineMeta': {'leftY': -1.7161448001861572, 'rightY': 1.384879231452942, 'leftProb': 0.04284415766596794, 'rightProb': 0.05985737591981888}, 'dongle_id': 'UnregisteredDevice', 'timestamp': 1757517970.0730276}
📊 Resumen de telemetría enviado: telemetry_mqtt/UnregisteredDevice/resumen_principal
📤 Enviando a telemetry_mqtt/UnregisteredDevice/carControl: {'actuators': {'gas': 0.0, 'brake': 0.0, 'steer': 1.0, 'steeringAngleDeg': 199.68557739257812, 'accel': 0.9573733806610107, 'longControlState': 'pid', 'speed': 0.0, 'curvature': -0.08619198948144913, 'steerOutputCan': 0.0}, 'hudControl': {'speedVisible': True, 'setSpeed': 40.27777862548828, 'lanesVisible': True, 'leadVisible': False, 'visualAlert': 'none', 'audibleAlert': 'none', 'rightLaneVisible': True, 'leftLaneVisible': True, 'rightLaneDepart': False, 'leftLaneDepart': False, 'leadDistanceBars': 3}, 'dongle_id': 'UnregisteredDevice', 'timestamp': 1757517971.074481, 'setSpeed_ms': 40.27777862548828, 'setSpeed_kmh': 145.00000305175783}
🚗 VELOCIDAD: 3.78 m/s = 13.6 km/h
📤 Enviando a telemetry_mqtt/UnregisteredDevice/carState: {'aEgo': 2.195608139038086, 'cruiseState': {'enabled': True, 'speed': 0.0, 'available': True, 'speedOffset': 0.0, 'standstill': False, 'nonAdaptive': False, 'speedCluster': 0.0, 'speedLimit': 0.0}, 'leftBlinker': False, 'rightBlinker': False, 'vEgo': 3.7827508449554443, 'vEgoCluster': 3.7827508449554443, 'leftBlindspot': False, 'rightBlindspot': False, 'standstill': False, 'steeringAngleDeg': 28.5, 'steeringTorque': 0.0, 'steeringPressed': False, 'gasPressed': False, 'brakePressed': False, 'canValid': True, 'gearShifter': 'drive', 'steerFaultTemporary': False, 'steerFaultPermanent': False, 'dongle_id': 'UnregisteredDevice', 'timestamp': 1757517971.075013, 'vEgo_kmh': 13.6179030418396, 'aEgo_ms2': 2.195608139038086}
📤 Enviando a telemetry_mqtt/UnregisteredDevice/controlsState: {'active': True, 'alertSize': 'none', 'alertStatus': 'normal', 'alertBlinkingRate': 0.0, 'alertSound': 'none', 'vCruise': 145.0, 'longControlState': 'pid', 'vTargetLead': 0.0, 'upAccelCmd': -0.0, 'uiAccelCmd': 0.0, 'ufAccelCmd': 0.9573733806610107, 'aTarget': 0.0, 'cumLagMs': -3.225627899169922, 'experimentalMode': True, 'personality': 'relaxed', 'dongle_id': 'UnregisteredDevice', 'timestamp': 1757517971.0752773}
📤 Enviando a telemetry_mqtt/UnregisteredDevice/liveCalibration: {'calStatus': 'calibrated', 'calPerc': 100, 'dongle_id': 'UnregisteredDevice', 'timestamp': 1757517971.075538}
📤 Enviando a telemetry_mqtt/UnregisteredDevice/gpsLocationExternal: {'latitude': 32.75533689209909, 'longitude': -117.20815294341185, 'altitude': 0.0, 'dongle_id': 'UnregisteredDevice', 'timestamp': 1757517971.0756526, 'gps_valid': True, 'gps_coords': '32.755337,-117.208153'}
📤 Enviando a telemetry_mqtt/UnregisteredDevice/navInstruction: {'distanceRemaining': 0.0, 'maneuverDistance': 0.0, 'speedLimit': 0.0, 'timeRemaining': 0.0, 'dongle_id': 'UnregisteredDevice', 'timestamp': 1757517971.0758536}
📤 Enviando a telemetry_mqtt/UnregisteredDevice/radarState: {'radarErrors': [], 'dongle_id': 'UnregisteredDevice', 'timestamp': 1757517971.0760183}
📤 Enviando a telemetry_mqtt/UnregisteredDevice/drivingModelData: {'laneLineMeta': {'leftY': -1.2674272060394287, 'rightY': 1.6680525541305542, 'leftProb': 0.013757451437413692, 'rightProb': 0.023264504969120026}, 'dongle_id': 'UnregisteredDevice', 'timestamp': 1757517971.0761988}
📤 Enviando a telemetry_mqtt/UnregisteredDevice/carControl: {'actuators': {'gas': 0.0, 'brake': 0.0, 'steer': 1.0, 'steeringAngleDeg': 265.73785400390625, 'accel': 1.0344773530960083, 'longControlState': 'pid', 'speed': 0.0, 'curvature': -0.11310227960348129, 'steerOutputCan': 0.0}, 'hudControl': {'speedVisible': True, 'setSpeed': 40.27777862548828, 'lanesVisible': True, 'leadVisible': False, 'visualAlert': 'none', 'audibleAlert': 'none', 'rightLaneVisible': True, 'leftLaneVisible': True, 'rightLaneDepart': False, 'leftLaneDepart': False, 'leadDistanceBars': 3}, 'dongle_id': 'UnregisteredDevice', 'timestamp': 1757517972.0771964, 'setSpeed_ms': 40.27777862548828, 'setSpeed_kmh': 145.00000305175783}
🚗 VELOCIDAD: 5.16 m/s = 18.6 km/h
📤 Enviando a telemetry_mqtt/UnregisteredDevice/carState: {'aEgo': 1.2088958024978638, 'cruiseState': {'enabled': True, 'speed': 0.0, 'available': True, 'speedOffset': 0.0, 'standstill': False, 'nonAdaptive': False, 'speedCluster': 0.0, 'speedLimit': 0.0}, 'leftBlinker': False, 'rightBlinker': False, 'vEgo': 5.163194179534912, 'vEgoCluster': 5.163194179534912, 'leftBlindspot': False, 'rightBlindspot': False, 'standstill': False, 'steeringAngleDeg': 31.100000381469727, 'steeringTorque': 0.0, 'steeringPressed': False, 'gasPressed': False, 'brakePressed': False, 'canValid': True, 'gearShifter': 'drive', 'steerFaultTemporary': False, 'steerFaultPermanent': False, 'dongle_id': 'UnregisteredDevice', 'timestamp': 1757517972.0779462, 'vEgo_kmh': 18.587499046325686, 'aEgo_ms2': 1.2088958024978638}
📤 Enviando a telemetry_mqtt/UnregisteredDevice/controlsState: {'active': True, 'alertSize': 'none', 'alertStatus': 'normal', 'alertBlinkingRate': 0.0, 'alertSound': 'none', 'vCruise': 145.0, 'longControlState': 'pid', 'vTargetLead': 0.0, 'upAccelCmd': -0.0, 'uiAccelCmd': 0.0, 'ufAccelCmd': 1.0344773530960083, 'aTarget': 0.0, 'cumLagMs': -2.854764938354492, 'experimentalMode': True, 'personality': 'relaxed', 'dongle_id': 'UnregisteredDevice', 'timestamp': 1757517972.0782456}
📤 Enviando a telemetry_mqtt/UnregisteredDevice/liveCalibration: {'calStatus': 'calibrated', 'calPerc': 100, 'dongle_id': 'UnregisteredDevice', 'timestamp': 1757517972.0784347}
📤 Enviando a telemetry_mqtt/UnregisteredDevice/gpsLocationExternal: {'latitude': 32.7553099212739, 'longitude': -117.20811904479125, 'altitude': 0.0, 'dongle_id': 'UnregisteredDevice', 'timestamp': 1757517972.078616, 'gps_valid': True, 'gps_coords': '32.755310,-117.208119'}
📤 Enviando a telemetry_mqtt/UnregisteredDevice/navInstruction: {'distanceRemaining': 0.0, 'maneuverDistance': 0.0, 'speedLimit': 0.0, 'timeRemaining': 0.0, 'dongle_id': 'UnregisteredDevice', 'timestamp': 1757517972.078717}
📤 Enviando a telemetry_mqtt/UnregisteredDevice/radarState: {'radarErrors': [], 'dongle_id': 'UnregisteredDevice', 'timestamp': 1757517972.0789044}
📤 Enviando a telemetry_mqtt/UnregisteredDevice/drivingModelData: {'laneLineMeta': {'leftY': -1.4298291206359863, 'rightY': 2.1052725315093994, 'leftProb': 0.0028927098028361797, 'rightProb': 0.008765529841184616}, 'dongle_id': 'UnregisteredDevice', 'timestamp': 1757517972.0791197}
📤 Enviando a telemetry_mqtt/UnregisteredDevice/carControl: {'actuators': {'gas': 0.0, 'brake': 0.0, 'steer': 1.0, 'steeringAngleDeg': 215.92796325683594, 'accel': 0.6037062406539917, 'longControlState': 'pid', 'speed': 0.0, 'curvature': -0.09171395003795624, 'steerOutputCan': 0.0}, 'hudControl': {'speedVisible': True, 'setSpeed': 40.27777862548828, 'lanesVisible': True, 'leadVisible': False, 'visualAlert': 'none', 'audibleAlert': 'none', 'rightLaneVisible': True, 'leftLaneVisible': True, 'rightLaneDepart': False, 'leftLaneDepart': False, 'leadDistanceBars': 3}, 'dongle_id': 'UnregisteredDevice', 'timestamp': 1757517973.0799825, 'setSpeed_ms': 40.27777862548828, 'setSpeed_kmh': 145.00000305175783}
🚗 VELOCIDAD: 6.00 m/s = 21.6 km/h
📤 Enviando a telemetry_mqtt/UnregisteredDevice/carState: {'aEgo': 0.49464160203933716, 'cruiseState': {'enabled': True, 'speed': 0.0, 'available': True, 'speedOffset': 0.0, 'standstill': False, 'nonAdaptive': False, 'speedCluster': 0.0, 'speedLimit': 0.0}, 'leftBlinker': False, 'rightBlinker': False, 'vEgo': 5.99521017074585, 'vEgoCluster': 5.99521017074585, 'leftBlindspot': False, 'rightBlindspot': False, 'standstill': False, 'steeringAngleDeg': 29.0, 'steeringTorque': 0.0, 'steeringPressed': False, 'gasPressed': False, 'brakePressed': False, 'canValid': True, 'gearShifter': 'drive', 'steerFaultTemporary': False, 'steerFaultPermanent': False, 'dongle_id': 'UnregisteredDevice', 'timestamp': 1757517973.0804665, 'vEgo_kmh': 21.58275661468506, 'aEgo_ms2': 0.49464160203933716}
📤 Enviando a telemetry_mqtt/UnregisteredDevice/controlsState: {'active': True, 'alertSize': 'none', 'alertStatus': 'normal', 'alertBlinkingRate': 0.0, 'alertSound': 'none', 'vCruise': 145.0, 'longControlState': 'pid', 'vTargetLead': 0.0, 'upAccelCmd': 0.0, 'uiAccelCmd': 0.0, 'ufAccelCmd': 0.6037062406539917, 'aTarget': 0.0, 'cumLagMs': -0.06491176038980484, 'experimentalMode': True, 'personality': 'relaxed', 'dongle_id': 'UnregisteredDevice', 'timestamp': 1757517973.0808508}
📤 Enviando a telemetry_mqtt/UnregisteredDevice/liveCalibration: {'calStatus': 'calibrated', 'calPerc': 100, 'dongle_id': 'UnregisteredDevice', 'timestamp': 1757517973.0810678}
📤 Enviando a telemetry_mqtt/UnregisteredDevice/gpsLocationExternal: {'latitude': 32.755259664621065, 'longitude': -117.20810678679564, 'altitude': 0.0, 'dongle_id': 'UnregisteredDevice', 'timestamp': 1757517973.0812337, 'gps_valid': True, 'gps_coords': '32.755260,-117.208107'}
📤 Enviando a telemetry_mqtt/UnregisteredDevice/navInstruction: {'distanceRemaining': 0.0, 'maneuverDistance': 0.0, 'speedLimit': 0.0, 'timeRemaining': 0.0, 'dongle_id': 'UnregisteredDevice', 'timestamp': 1757517973.0813844}
📤 Enviando a telemetry_mqtt/UnregisteredDevice/radarState: {'radarErrors': [], 'dongle_id': 'UnregisteredDevice', 'timestamp': 1757517973.081508}
📤 Enviando a telemetry_mqtt/UnregisteredDevice/drivingModelData: {'laneLineMeta': {'leftY': -1.6496978998184204, 'rightY': 1.9211854934692383, 'leftProb': 0.0031095377635210752, 'rightProb': 0.008387097157537937}, 'dongle_id': 'UnregisteredDevice', 'timestamp': 1757517973.081651}
📤 Enviando a telemetry_mqtt/UnregisteredDevice/carControl: {'actuators': {'gas': 0.0, 'brake': 0.0, 'steer': 1.0, 'steeringAngleDeg': 174.78887939453125, 'accel': 0.7701681852340698, 'longControlState': 'pid', 'speed': 0.0, 'curvature': -0.07442677021026611, 'steerOutputCan': 0.0}, 'hudControl': {'speedVisible': True, 'setSpeed': 40.27777862548828, 'lanesVisible': True, 'leadVisible': False, 'visualAlert': 'steerRequired', 'audibleAlert': 'none', 'rightLaneVisible': True, 'leftLaneVisible': True, 'rightLaneDepart': False, 'leftLaneDepart': False, 'leadDistanceBars': 3}, 'dongle_id': 'UnregisteredDevice', 'timestamp': 1757517974.082361, 'setSpeed_ms': 40.27777862548828, 'setSpeed_kmh': 145.00000305175783}
🚗 VELOCIDAD: 6.30 m/s = 22.7 km/h
📤 Enviando a telemetry_mqtt/UnregisteredDevice/carState: {'aEgo': -0.02525065280497074, 'cruiseState': {'enabled': True, 'speed': 0.0, 'available': True, 'speedOffset': 0.0, 'standstill': False, 'nonAdaptive': False, 'speedCluster': 0.0, 'speedLimit': 0.0}, 'leftBlinker': False, 'rightBlinker': False, 'vEgo': 6.304647922515869, 'vEgoCluster': 6.304647922515869, 'leftBlindspot': False, 'rightBlindspot': False, 'standstill': False, 'steeringAngleDeg': 28.600000381469727, 'steeringTorque': 0.0, 'steeringPressed': False, 'gasPressed': False, 'brakePressed': False, 'canValid': True, 'gearShifter': 'drive', 'steerFaultTemporary': False, 'steerFaultPermanent': False, 'dongle_id': 'UnregisteredDevice', 'timestamp': 1757517974.0826442, 'vEgo_kmh': 22.69673252105713, 'aEgo_ms2': -0.02525065280497074}
📤 Enviando a telemetry_mqtt/UnregisteredDevice/controlsState: {'active': True, 'alertText1': 'TAKE CONTROL IMMEDIATELY', 'alertText2': 'Controls Lagging', 'alertSize': 'full', 'alertStatus': 'userPrompt', 'alertBlinkingRate': 0.0, 'alertType': 'controlsdLagging/softDisable', 'alertSound': 'warningSoft', 'vCruise': 145.0, 'longControlState': 'pid', 'vTargetLead': 0.0, 'upAccelCmd': 0.0, 'uiAccelCmd': 0.0, 'ufAccelCmd': 0.7701681852340698, 'aTarget': 0.0, 'cumLagMs': 222.4281005859375, 'experimentalMode': True, 'personality': 'relaxed', 'dongle_id': 'UnregisteredDevice', 'timestamp': 1757517974.0828211}
📤 Enviando a telemetry_mqtt/UnregisteredDevice/liveCalibration: {'calStatus': 'calibrated', 'calPerc': 100, 'dongle_id': 'UnregisteredDevice', 'timestamp': 1757517974.0830195}
📤 Enviando a telemetry_mqtt/UnregisteredDevice/gpsLocationExternal: {'latitude': 32.75522811341257, 'longitude': -117.20811737792113, 'altitude': 0.0, 'dongle_id': 'UnregisteredDevice', 'timestamp': 1757517974.0831294, 'gps_valid': True, 'gps_coords': '32.755228,-117.208117'}
📤 Enviando a telemetry_mqtt/UnregisteredDevice/navInstruction: {'distanceRemaining': 0.0, 'maneuverDistance': 0.0, 'speedLimit': 0.0, 'timeRemaining': 0.0, 'dongle_id': 'UnregisteredDevice', 'timestamp': 1757517974.0832186}
📤 Enviando a telemetry_mqtt/UnregisteredDevice/radarState: {'radarErrors': [], 'dongle_id': 'UnregisteredDevice', 'timestamp': 1757517974.0833762}
📤 Enviando a telemetry_mqtt/UnregisteredDevice/drivingModelData: {'laneLineMeta': {'leftY': -1.6432785987854004, 'rightY': 1.623414397239685, 'leftProb': 0.003341764910146594, 'rightProb': 0.012494388036429882}, 'dongle_id': 'UnregisteredDevice', 'timestamp': 1757517974.083582}
📤 Enviando a telemetry_mqtt/UnregisteredDevice/carControl: {'actuators': {'gas': 0.0, 'brake': 0.0, 'steer': 1.0, 'steeringAngleDeg': 174.78268432617188, 'accel': 0.7701681852340698, 'longControlState': 'pid', 'speed': 0.0, 'curvature': -0.07442677021026611, 'steerOutputCan': 0.0}, 'hudControl': {'speedVisible': True, 'setSpeed': 40.27777862548828, 'lanesVisible': True, 'leadVisible': False, 'visualAlert': 'steerRequired', 'audibleAlert': 'none', 'rightLaneVisible': True, 'leftLaneVisible': True, 'rightLaneDepart': False, 'leftLaneDepart': False, 'leadDistanceBars': 3}, 'dongle_id': 'UnregisteredDevice', 'timestamp': 1757517975.0840423, 'setSpeed_ms': 40.27777862548828, 'setSpeed_kmh': 145.00000305175783}
🚗 VELOCIDAD: 6.30 m/s = 22.7 km/h
📤 Enviando a telemetry_mqtt/UnregisteredDevice/carState: {'aEgo': 0.0015424588927999139, 'cruiseState': {'enabled': True, 'speed': 0.0, 'available': True, 'speedOffset': 0.0, 'standstill': False, 'nonAdaptive': False, 'speedCluster': 0.0, 'speedLimit': 0.0}, 'leftBlinker': False, 'rightBlinker': False, 'vEgo': 6.300129413604736, 'vEgoCluster': 6.300129413604736, 'leftBlindspot': False, 'rightBlindspot': False, 'standstill': False, 'steeringAngleDeg': 28.600000381469727, 'steeringTorque': 0.0, 'steeringPressed': False, 'gasPressed': False, 'brakePressed': False, 'canValid': True, 'gearShifter': 'drive', 'steerFaultTemporary': False, 'steerFaultPermanent': False, 'dongle_id': 'UnregisteredDevice', 'timestamp': 1757517975.084372, 'vEgo_kmh': 22.68046588897705, 'aEgo_ms2': 0.0015424588927999139}
📤 Enviando a telemetry_mqtt/UnregisteredDevice/controlsState: {'active': True, 'alertText1': 'TAKE CONTROL IMMEDIATELY', 'alertText2': 'Controls Lagging', 'alertSize': 'full', 'alertStatus': 'userPrompt', 'alertBlinkingRate': 0.0, 'alertType': 'controlsdLagging/softDisable', 'alertSound': 'warningSoft', 'vCruise': 145.0, 'longControlState': 'pid', 'vTargetLead': 0.0, 'upAccelCmd': 0.0, 'uiAccelCmd': 0.0, 'ufAccelCmd': 0.7701681852340698, 'aTarget': 0.0, 'cumLagMs': 681.6209716796875, 'experimentalMode': True, 'personality': 'relaxed', 'dongle_id': 'UnregisteredDevice', 'timestamp': 1757517975.08457}
📤 Enviando a telemetry_mqtt/UnregisteredDevice/liveCalibration: {'calStatus': 'calibrated', 'calPerc': 100, 'dongle_id': 'UnregisteredDevice', 'timestamp': 1757517975.0846615}
📤 Enviando a telemetry_mqtt/UnregisteredDevice/navInstruction: {'distanceRemaining': 0.0, 'maneuverDistance': 0.0, 'speedLimit': 0.0, 'timeRemaining': 0.0, 'dongle_id': 'UnregisteredDevice', 'timestamp': 1757517975.0847597}
📊 Resumen de telemetría enviado: telemetry_mqtt/UnregisteredDevice/resumen_principal
📤 Enviando a telemetry_mqtt/UnregisteredDevice/carControl: {'actuators': {'gas': 0.0, 'brake': 0.0, 'steer': 1.0, 'steeringAngleDeg': 174.7825164794922, 'accel': 0.7701681852340698, 'longControlState': 'pid', 'speed': 0.0, 'curvature': -0.07442677021026611, 'steerOutputCan': 0.0}, 'hudControl': {'speedVisible': True, 'setSpeed': 40.27777862548828, 'lanesVisible': True, 'leadVisible': False, 'visualAlert': 'steerRequired', 'audibleAlert': 'none', 'rightLaneVisible': True, 'leftLaneVisible': True, 'rightLaneDepart': False, 'leftLaneDepart': False, 'leadDistanceBars': 3}, 'dongle_id': 'UnregisteredDevice', 'timestamp': 1757517976.101745, 'setSpeed_ms': 40.27777862548828, 'setSpeed_kmh': 145.00000305175783}
🚗 VELOCIDAD: 6.30 m/s = 22.7 km/h
📤 Enviando a telemetry_mqtt/UnregisteredDevice/carState: {'aEgo': 1.9875606085406616e-05, 'cruiseState': {'enabled': True, 'speed': 0.0, 'available': True, 'speedOffset': 0.0, 'standstill': False, 'nonAdaptive': False, 'speedCluster': 0.0, 'speedLimit': 0.0}, 'leftBlinker': False, 'rightBlinker': False, 'vEgo': 6.300000190734863, 'vEgoCluster': 6.300000190734863, 'leftBlindspot': False, 'rightBlindspot': False, 'standstill': False, 'steeringAngleDeg': 28.600000381469727, 'steeringTorque': 0.0, 'steeringPressed': False, 'gasPressed': False, 'brakePressed': False, 'canValid': True, 'gearShifter': 'drive', 'steerFaultTemporary': False, 'steerFaultPermanent': False, 'dongle_id': 'UnregisteredDevice', 'timestamp': 1757517976.1019752, 'vEgo_kmh': 22.68000068664551, 'aEgo_ms2': 1.9875606085406616e-05}
📤 Enviando a telemetry_mqtt/UnregisteredDevice/controlsState: {'active': True, 'alertText1': 'TAKE CONTROL IMMEDIATELY', 'alertText2': 'Controls Lagging', 'alertSize': 'full', 'alertStatus': 'userPrompt', 'alertBlinkingRate': 0.0, 'alertType': 'controlsdLagging/softDisable', 'alertSound': 'warningSoft', 'vCruise': 145.0, 'longControlState': 'pid', 'vTargetLead': 0.0, 'upAccelCmd': 0.0, 'uiAccelCmd': 0.0, 'ufAccelCmd': 0.7701681852340698, 'aTarget': 0.0, 'cumLagMs': 1160.91650390625, 'experimentalMode': True, 'personality': 'relaxed', 'dongle_id': 'UnregisteredDevice', 'timestamp': 1757517976.102128}
📤 Enviando a telemetry_mqtt/UnregisteredDevice/liveCalibration: {'calStatus': 'calibrated', 'calPerc': 100, 'dongle_id': 'UnregisteredDevice', 'timestamp': 1757517976.1022909}
📤 Enviando a telemetry_mqtt/UnregisteredDevice/navInstruction: {'distanceRemaining': 0.0, 'maneuverDistance': 0.0, 'speedLimit': 0.0, 'timeRemaining': 0.0, 'dongle_id': 'UnregisteredDevice', 'timestamp': 1757517976.1023982}
📤 Enviando a telemetry_mqtt/UnregisteredDevice/carControl: {'actuators': {'gas': 0.0, 'brake': 0.0, 'steer': 1.0, 'steeringAngleDeg': 174.7825164794922, 'accel': 0.7701681852340698, 'longControlState': 'pid', 'speed': 0.0, 'curvature': -0.07442677021026611, 'steerOutputCan': 0.0}, 'hudControl': {'speedVisible': True, 'setSpeed': 40.27777862548828, 'lanesVisible': True, 'leadVisible': False, 'visualAlert': 'steerRequired', 'audibleAlert': 'none', 'rightLaneVisible': True, 'leftLaneVisible': True, 'rightLaneDepart': False, 'leftLaneDepart': False, 'leadDistanceBars': 3}, 'dongle_id': 'UnregisteredDevice', 'timestamp': 1757517977.1029873, 'setSpeed_ms': 40.27777862548828, 'setSpeed_kmh': 145.00000305175783}
🚗 VELOCIDAD: 6.30 m/s = 22.7 km/h
📤 Enviando a telemetry_mqtt/UnregisteredDevice/carState: {'aEgo': -3.1031038361106766e-07, 'cruiseState': {'enabled': True, 'speed': 0.0, 'available': True, 'speedOffset': 0.0, 'standstill': False, 'nonAdaptive': False, 'speedCluster': 0.0, 'speedLimit': 0.0}, 'leftBlinker': False, 'rightBlinker': False, 'vEgo': 6.300000190734863, 'vEgoCluster': 6.300000190734863, 'leftBlindspot': False, 'rightBlindspot': False, 'standstill': False, 'steeringAngleDeg': 28.600000381469727, 'steeringTorque': 0.0, 'steeringPressed': False, 'gasPressed': False, 'brakePressed': False, 'canValid': True, 'gearShifter': 'drive', 'steerFaultTemporary': False, 'steerFaultPermanent': False, 'dongle_id': 'UnregisteredDevice', 'timestamp': 1757517977.1032488, 'vEgo_kmh': 22.68000068664551, 'aEgo_ms2': -3.1031038361106766e-07}
📤 Enviando a telemetry_mqtt/UnregisteredDevice/controlsState: {'active': True, 'alertText1': 'TAKE CONTROL IMMEDIATELY', 'alertText2': 'Controls Lagging', 'alertSize': 'full', 'alertStatus': 'userPrompt', 'alertBlinkingRate': 0.0, 'alertType': 'controlsdLagging/softDisable', 'alertSound': 'warningSoft', 'vCruise': 145.0, 'longControlState': 'pid', 'vTargetLead': 0.0, 'upAccelCmd': 0.0, 'uiAccelCmd': 0.0, 'ufAccelCmd': 0.7701681852340698, 'aTarget': 0.0, 'cumLagMs': 1645.1064453125, 'experimentalMode': True, 'personality': 'relaxed', 'dongle_id': 'UnregisteredDevice', 'timestamp': 1757517977.1036189}
📤 Enviando a telemetry_mqtt/UnregisteredDevice/liveCalibration: {'calStatus': 'calibrated', 'calPerc': 100, 'dongle_id': 'UnregisteredDevice', 'timestamp': 1757517977.1037235}
📤 Enviando a telemetry_mqtt/UnregisteredDevice/navInstruction: {'distanceRemaining': 0.0, 'maneuverDistance': 0.0, 'speedLimit': 0.0, 'timeRemaining': 0.0, 'dongle_id': 'UnregisteredDevice', 'timestamp': 1757517977.103799}
📤 Enviando a telemetry_mqtt/UnregisteredDevice/carControl: {'actuators': {'gas': 0.0, 'brake': 0.0, 'steer': 1.0, 'steeringAngleDeg': 174.7825164794922, 'accel': 0.7701681852340698, 'longControlState': 'pid', 'speed': 0.0, 'curvature': -0.07442677021026611, 'steerOutputCan': 0.0}, 'hudControl': {'speedVisible': True, 'setSpeed': 40.27777862548828, 'lanesVisible': True, 'leadVisible': False, 'visualAlert': 'steerRequired', 'audibleAlert': 'none', 'rightLaneVisible': True, 'leftLaneVisible': True, 'rightLaneDepart': False, 'leftLaneDepart': False, 'leadDistanceBars': 3}, 'dongle_id': 'UnregisteredDevice', 'timestamp': 1757517978.1042764, 'setSpeed_ms': 40.27777862548828, 'setSpeed_kmh': 145.00000305175783}
🚗 VELOCIDAD: 6.30 m/s = 22.7 km/h
📤 Enviando a telemetry_mqtt/UnregisteredDevice/carState: {'aEgo': -7.780750266306313e-09, 'cruiseState': {'enabled': True, 'speed': 0.0, 'available': True, 'speedOffset': 0.0, 'standstill': False, 'nonAdaptive': False, 'speedCluster': 0.0, 'speedLimit': 0.0}, 'leftBlinker': False, 'rightBlinker': False, 'vEgo': 6.300000190734863, 'vEgoCluster': 6.300000190734863, 'leftBlindspot': False, 'rightBlindspot': False, 'standstill': False, 'steeringAngleDeg': 28.600000381469727, 'steeringTorque': 0.0, 'steeringPressed': False, 'gasPressed': False, 'brakePressed': False, 'canValid': True, 'gearShifter': 'drive', 'steerFaultTemporary': False, 'steerFaultPermanent': False, 'dongle_id': 'UnregisteredDevice', 'timestamp': 1757517978.1045644, 'vEgo_kmh': 22.68000068664551, 'aEgo_ms2': -7.780750266306313e-09}
📤 Enviando a telemetry_mqtt/UnregisteredDevice/controlsState: {'active': True, 'alertText1': 'TAKE CONTROL IMMEDIATELY', 'alertText2': 'Controls Lagging', 'alertSize': 'full', 'alertStatus': 'userPrompt', 'alertBlinkingRate': 0.0, 'alertType': 'controlsdLagging/softDisable', 'alertSound': 'warningSoft', 'vCruise': 145.0, 'longControlState': 'pid', 'vTargetLead': 0.0, 'upAccelCmd': 0.0, 'uiAccelCmd': 0.0, 'ufAccelCmd': 0.7701681852340698, 'aTarget': 0.0, 'cumLagMs': 2150.65087890625, 'experimentalMode': True, 'personality': 'relaxed', 'dongle_id': 'UnregisteredDevice', 'timestamp': 1757517978.1047616}
📤 Enviando a telemetry_mqtt/UnregisteredDevice/liveCalibration: {'calStatus': 'calibrated', 'calPerc': 100, 'dongle_id': 'UnregisteredDevice', 'timestamp': 1757517978.1048548}
📤 Enviando a telemetry_mqtt/UnregisteredDevice/navInstruction: {'distanceRemaining': 0.0, 'maneuverDistance': 0.0, 'speedLimit': 0.0, 'timeRemaining': 0.0, 'dongle_id': 'UnregisteredDevice', 'timestamp': 1757517978.1049476}
📤 Enviando a telemetry_mqtt/UnregisteredDevice/carControl: {'actuators': {'gas': 0.0, 'brake': 0.0, 'steer': 1.0, 'steeringAngleDeg': 174.7825164794922, 'accel': 0.7701681852340698, 'longControlState': 'pid', 'speed': 0.0, 'curvature': -0.07442677021026611, 'steerOutputCan': 0.0}, 'hudControl': {'speedVisible': True, 'setSpeed': 40.27777862548828, 'lanesVisible': True, 'leadVisible': False, 'visualAlert': 'steerRequired', 'audibleAlert': 'none', 'rightLaneVisible': True, 'leftLaneVisible': True, 'rightLaneDepart': False, 'leftLaneDepart': False, 'leadDistanceBars': 3}, 'dongle_id': 'UnregisteredDevice', 'timestamp': 1757517979.1054494, 'setSpeed_ms': 40.27777862548828, 'setSpeed_kmh': 145.00000305175783}
🚗 VELOCIDAD: 6.30 m/s = 22.7 km/h
📤 Enviando a telemetry_mqtt/UnregisteredDevice/carState: {'aEgo': 4.842224399226325e-10, 'cruiseState': {'enabled': True, 'speed': 0.0, 'available': True, 'speedOffset': 0.0, 'standstill': False, 'nonAdaptive': False, 'speedCluster': 0.0, 'speedLimit': 0.0}, 'leftBlinker': False, 'rightBlinker': False, 'vEgo': 6.300000190734863, 'vEgoCluster': 6.300000190734863, 'leftBlindspot': False, 'rightBlindspot': False, 'standstill': False, 'steeringAngleDeg': 28.600000381469727, 'steeringTorque': 0.0, 'steeringPressed': False, 'gasPressed': False, 'brakePressed': False, 'canValid': True, 'gearShifter': 'drive', 'steerFaultTemporary': False, 'steerFaultPermanent': False, 'dongle_id': 'UnregisteredDevice', 'timestamp': 1757517979.1057165, 'vEgo_kmh': 22.68000068664551, 'aEgo_ms2': 4.842224399226325e-10}
📤 Enviando a telemetry_mqtt/UnregisteredDevice/controlsState: {'active': True, 'alertText1': 'TAKE CONTROL IMMEDIATELY', 'alertText2': 'Controls Lagging', 'alertSize': 'full', 'alertStatus': 'userPrompt', 'alertBlinkingRate': 0.0, 'alertType': 'controlsdLagging/softDisable', 'alertSound': 'warningSoft', 'vCruise': 145.0, 'longControlState': 'pid', 'vTargetLead': 0.0, 'upAccelCmd': 0.0, 'uiAccelCmd': 0.0, 'ufAccelCmd': 0.7701681852340698, 'aTarget': 0.0, 'cumLagMs': 2346.602294921875, 'experimentalMode': True, 'personality': 'relaxed', 'dongle_id': 'UnregisteredDevice', 'timestamp': 1757517979.1059072}
📤 Enviando a telemetry_mqtt/UnregisteredDevice/liveCalibration: {'calStatus': 'calibrated', 'calPerc': 100, 'dongle_id': 'UnregisteredDevice', 'timestamp': 1757517979.1059985}
📊 Resumen de telemetría enviado: telemetry_mqtt/UnregisteredDevice/resumen_principal
📤 Enviando a telemetry_mqtt/UnregisteredDevice/gpsLocationExternal: {'latitude': 32.753135055527395, 'longitude': -117.2094943365393, 'altitude': 0.0, 'dongle_id': 'UnregisteredDevice', 'timestamp': 1757517985.7094393, 'gps_valid': True, 'gps_coords': '32.753135,-117.209494'}
📊 Resumen de telemetría enviado: telemetry_mqtt/UnregisteredDevice/resumen_principal
📤 Enviando a telemetry_mqtt/UnregisteredDevice/gpsLocationExternal: {'latitude': 32.75313510998697, 'longitude': -117.2094943365393, 'altitude': 0.0, 'dongle_id': 'UnregisteredDevice', 'timestamp': 1757517986.7110064, 'gps_valid': True, 'gps_coords': '32.753135,-117.209494'}
📤 Enviando a telemetry_mqtt/UnregisteredDevice/liveCalibration: {'calStatus': 'calibrated', 'calPerc': 100, 'dongle_id': 'UnregisteredDevice', 'timestamp': 1757517987.7120671}
📤 Enviando a telemetry_mqtt/UnregisteredDevice/gpsLocationExternal: {'latitude': 32.753135117091844, 'longitude': -117.2094943365393, 'altitude': 0.0, 'dongle_id': 'UnregisteredDevice', 'timestamp': 1757517987.7125068, 'gps_valid': True, 'gps_coords': '32.753135,-117.209494'}
📤 Enviando a telemetry_mqtt/UnregisteredDevice/navInstruction: {'distanceRemaining': 0.0, 'maneuverDistance': 0.0, 'speedLimit': 0.0, 'timeRemaining': 0.0, 'dongle_id': 'UnregisteredDevice', 'timestamp': 1757517987.7126951}
🚗 VELOCIDAD: 0.00 m/s = 0.0 km/h
📤 Enviando a telemetry_mqtt/UnregisteredDevice/carState: {'aEgo': 0.008415838703513145, 'cruiseState': {'enabled': False, 'speed': 0.0, 'available': True, 'speedOffset': 0.0, 'standstill': False, 'nonAdaptive': False, 'speedCluster': 0.0, 'speedLimit': 0.0}, 'leftBlinker': False, 'rightBlinker': False, 'vEgo': 0.000928934256080538, 'vEgoCluster': 0.000928934256080538, 'leftBlindspot': False, 'rightBlindspot': False, 'standstill': False, 'steeringAngleDeg': 0.0, 'steeringTorque': 0.0, 'steeringPressed': False, 'gasPressed': False, 'brakePressed': False, 'canValid': True, 'gearShifter': 'drive', 'steerFaultTemporary': False, 'steerFaultPermanent': False, 'dongle_id': 'UnregisteredDevice', 'timestamp': 1757517988.7134216, 'vEgo_kmh': 0.003344163321889937, 'aEgo_ms2': 0.008415838703513145}
📤 Enviando a telemetry_mqtt/UnregisteredDevice/liveCalibration: {'calStatus': 'calibrated', 'calPerc': 100, 'dongle_id': 'UnregisteredDevice', 'timestamp': 1757517988.7136726}
📤 Enviando a telemetry_mqtt/UnregisteredDevice/gpsLocationExternal: {'latitude': 32.75313512273283, 'longitude': -117.2094943365393, 'altitude': 0.0, 'dongle_id': 'UnregisteredDevice', 'timestamp': 1757517988.7137983, 'gps_valid': True, 'gps_coords': '32.753135,-117.209494'}
📤 Enviando a telemetry_mqtt/UnregisteredDevice/navInstruction: {'distanceRemaining': 0.0, 'maneuverDistance': 0.0, 'speedLimit': 0.0, 'timeRemaining': 0.0, 'dongle_id': 'UnregisteredDevice', 'timestamp': 1757517988.7138963}
🚗 VELOCIDAD: 0.01 m/s = 0.0 km/h
📤 Enviando a telemetry_mqtt/UnregisteredDevice/carState: {'aEgo': 0.02337980642914772, 'cruiseState': {'enabled': True, 'speed': 0.0, 'available': True, 'speedOffset': 0.0, 'standstill': False, 'nonAdaptive': False, 'speedCluster': 0.0, 'speedLimit': 0.0}, 'leftBlinker': False, 'rightBlinker': False, 'vEgo': 0.0062927370890975, 'vEgoCluster': 0.0062927370890975, 'leftBlindspot': False, 'rightBlindspot': False, 'standstill': False, 'steeringAngleDeg': -57.099998474121094, 'steeringTorque': 0.0, 'steeringPressed': False, 'gasPressed': False, 'brakePressed': False, 'canValid': True, 'gearShifter': 'drive', 'steerFaultTemporary': False, 'steerFaultPermanent': False, 'dongle_id': 'UnregisteredDevice', 'timestamp': 1757517989.714797, 'vEgo_kmh': 0.022653853520751, 'aEgo_ms2': 0.02337980642914772}
📤 Enviando a telemetry_mqtt/UnregisteredDevice/liveCalibration: {'calStatus': 'calibrated', 'calPerc': 100, 'dongle_id': 'UnregisteredDevice', 'timestamp': 1757517989.7151062}
📤 Enviando a telemetry_mqtt/UnregisteredDevice/gpsLocationExternal: {'latitude': 32.75313512773485, 'longitude': -117.20949433724502, 'altitude': 0.0, 'dongle_id': 'UnregisteredDevice', 'timestamp': 1757517989.7153044, 'gps_valid': True, 'gps_coords': '32.753135,-117.209494'}
📤 Enviando a telemetry_mqtt/UnregisteredDevice/navInstruction: {'distanceRemaining': 0.0, 'maneuverDistance': 0.0, 'speedLimit': 0.0, 'timeRemaining': 0.0, 'dongle_id': 'UnregisteredDevice', 'timestamp': 1757517989.7154188}
📤 Enviando a telemetry_mqtt/UnregisteredDevice/drivingModelData: {'laneLineMeta': {'leftY': -1.5913267135620117, 'rightY': 1.462260365486145, 'leftProb': 0.3699440360069275, 'rightProb': 0.4091033339500427}, 'dongle_id': 'UnregisteredDevice', 'timestamp': 1757517989.7155797}
📤 Enviando a telemetry_mqtt/UnregisteredDevice/carControl: {'actuators': {'gas': 0.0, 'brake': 0.0, 'steer': -1.0, 'steeringAngleDeg': -1.6641514301300049, 'accel': 2.0, 'longControlState': 'pid', 'speed': 0.0, 'curvature': -0.001385326380841434, 'steerOutputCan': 0.0}, 'hudControl': {'speedVisible': True, 'setSpeed': 40.27777862548828, 'lanesVisible': True, 'leadVisible': False, 'visualAlert': 'none', 'audibleAlert': 'none', 'rightLaneVisible': True, 'leftLaneVisible': True, 'rightLaneDepart': False, 'leftLaneDepart': False, 'leadDistanceBars': 3}, 'dongle_id': 'UnregisteredDevice', 'timestamp': 1757517990.7163405, 'setSpeed_ms': 40.27777862548828, 'setSpeed_kmh': 145.00000305175783}
🚗 VELOCIDAD: 1.80 m/s = 6.5 km/h
📤 Enviando a telemetry_mqtt/UnregisteredDevice/carState: {'aEgo': 2.6522481441497803, 'cruiseState': {'enabled': True, 'speed': 0.0, 'available': True, 'speedOffset': 0.0, 'standstill': False, 'nonAdaptive': False, 'speedCluster': 0.0, 'speedLimit': 0.0}, 'leftBlinker': False, 'rightBlinker': False, 'vEgo': 1.8023767471313477, 'vEgoCluster': 1.8023767471313477, 'leftBlindspot': False, 'rightBlindspot': False, 'standstill': False, 'steeringAngleDeg': -0.20000000298023224, 'steeringTorque': 0.0, 'steeringPressed': False, 'gasPressed': False, 'brakePressed': False, 'canValid': True, 'gearShifter': 'drive', 'steerFaultTemporary': False, 'steerFaultPermanent': False, 'dongle_id': 'UnregisteredDevice', 'timestamp': 1757517990.7167332, 'vEgo_kmh': 6.488556289672852, 'aEgo_ms2': 2.6522481441497803}
📤 Enviando a telemetry_mqtt/UnregisteredDevice/controlsState: {'active': True, 'alertText1': 'WARNING: This branch is not tested', 'alertText2': 'adripilot', 'alertSize': 'mid', 'alertStatus': 'userPrompt', 'alertBlinkingRate': 0.0, 'alertType': 'startupMaster/permanent', 'alertSound': 'none', 'vCruise': 145.0, 'longControlState': 'pid', 'vTargetLead': 0.0, 'upAccelCmd': -0.0, 'uiAccelCmd': 0.0, 'ufAccelCmd': 2.1204066276550293, 'aTarget': 0.0, 'cumLagMs': -4.26542854309082, 'experimentalMode': True, 'personality': 'relaxed', 'dongle_id': 'UnregisteredDevice', 'timestamp': 1757517990.7169933}
📤 Enviando a telemetry_mqtt/UnregisteredDevice/liveCalibration: {'calStatus': 'calibrated', 'calPerc': 100, 'dongle_id': 'UnregisteredDevice', 'timestamp': 1757517990.7171018}
📤 Enviando a telemetry_mqtt/UnregisteredDevice/gpsLocationExternal: {'latitude': 32.753139893221565, 'longitude': -117.20949459081271, 'altitude': 0.0, 'dongle_id': 'UnregisteredDevice', 'timestamp': 1757517990.7172003, 'gps_valid': True, 'gps_coords': '32.753140,-117.209495'}
📤 Enviando a telemetry_mqtt/UnregisteredDevice/navInstruction: {'distanceRemaining': 0.0, 'maneuverDistance': 0.0, 'speedLimit': 0.0, 'timeRemaining': 0.0, 'dongle_id': 'UnregisteredDevice', 'timestamp': 1757517990.7173264}
📤 Enviando a telemetry_mqtt/UnregisteredDevice/radarState: {'radarErrors': [], 'dongle_id': 'UnregisteredDevice', 'timestamp': 1757517990.7175384}
📤 Enviando a telemetry_mqtt/UnregisteredDevice/drivingModelData: {'laneLineMeta': {'leftY': -1.7652695178985596, 'rightY': 1.6003615856170654, 'leftProb': 0.46993234753608704, 'rightProb': 0.5689647197723389}, 'dongle_id': 'UnregisteredDevice', 'timestamp': 1757517990.7176838}
📊 Resumen de telemetría enviado: telemetry_mqtt/UnregisteredDevice/resumen_principal
📤 Enviando a telemetry_mqtt/UnregisteredDevice/carControl: {'actuators': {'gas': 0.0, 'brake': 0.0, 'steer': 1.0, 'steeringAngleDeg': 2.4857842922210693, 'accel': 1.652073621749878, 'longControlState': 'pid', 'speed': 0.0, 'curvature': -0.002400596858933568, 'steerOutputCan': 0.0}, 'hudControl': {'speedVisible': True, 'setSpeed': 40.27777862548828, 'lanesVisible': True, 'leadVisible': False, 'visualAlert': 'none', 'audibleAlert': 'none', 'rightLaneVisible': True, 'leftLaneVisible': True, 'rightLaneDepart': False, 'leftLaneDepart': False, 'leadDistanceBars': 3}, 'dongle_id': 'UnregisteredDevice', 'timestamp': 1757517991.7191207, 'setSpeed_ms': 40.27777862548828, 'setSpeed_kmh': 145.00000305175783}
🚗 VELOCIDAD: 4.58 m/s = 16.5 km/h
📤 Enviando a telemetry_mqtt/UnregisteredDevice/carState: {'aEgo': 3.1095736026763916, 'cruiseState': {'enabled': True, 'speed': 0.0, 'available': True, 'speedOffset': 0.0, 'standstill': False, 'nonAdaptive': False, 'speedCluster': 0.0, 'speedLimit': 0.0}, 'leftBlinker': False, 'rightBlinker': False, 'vEgo': 4.584200859069824, 'vEgoCluster': 4.584200859069824, 'leftBlindspot': False, 'rightBlindspot': False, 'standstill': False, 'steeringAngleDeg': 0.10000000149011612, 'steeringTorque': 0.0, 'steeringPressed': False, 'gasPressed': False, 'brakePressed': False, 'canValid': True, 'gearShifter': 'drive', 'steerFaultTemporary': False, 'steerFaultPermanent': False, 'dongle_id': 'UnregisteredDevice', 'timestamp': 1757517991.7195044, 'vEgo_kmh': 16.503123092651368, 'aEgo_ms2': 3.1095736026763916}
📤 Enviando a telemetry_mqtt/UnregisteredDevice/controlsState: {'active': True, 'alertText1': 'WARNING: This branch is not tested', 'alertText2': 'adripilot', 'alertSize': 'mid', 'alertStatus': 'userPrompt', 'alertBlinkingRate': 0.0, 'alertType': 'startupMaster/permanent', 'alertSound': 'none', 'vCruise': 145.0, 'longControlState': 'pid', 'vTargetLead': 0.0, 'upAccelCmd': -0.0, 'uiAccelCmd': 0.0, 'ufAccelCmd': 1.652073621749878, 'aTarget': 0.0, 'cumLagMs': -6.271816730499268, 'experimentalMode': True, 'personality': 'relaxed', 'dongle_id': 'UnregisteredDevice', 'timestamp': 1757517991.7198982}
📤 Enviando a telemetry_mqtt/UnregisteredDevice/liveCalibration: {'calStatus': 'calibrated', 'calPerc': 100, 'dongle_id': 'UnregisteredDevice', 'timestamp': 1757517991.72006}
📤 Enviando a telemetry_mqtt/UnregisteredDevice/gpsLocationExternal: {'latitude': 32.753169586019226, 'longitude': -117.20949508945087, 'altitude': 0.0, 'dongle_id': 'UnregisteredDevice', 'timestamp': 1757517991.7201815, 'gps_valid': True, 'gps_coords': '32.753170,-117.209495'}
📤 Enviando a telemetry_mqtt/UnregisteredDevice/navInstruction: {'distanceRemaining': 0.0, 'maneuverDistance': 0.0, 'speedLimit': 0.0, 'timeRemaining': 0.0, 'dongle_id': 'UnregisteredDevice', 'timestamp': 1757517991.720302}
📤 Enviando a telemetry_mqtt/UnregisteredDevice/radarState: {'radarErrors': [], 'dongle_id': 'UnregisteredDevice', 'timestamp': 1757517991.720572}
📤 Enviando a telemetry_mqtt/UnregisteredDevice/drivingModelData: {'laneLineMeta': {'leftY': -1.7868199348449707, 'rightY': 1.5923926830291748, 'leftProb': 0.7831387519836426, 'rightProb': 0.8490313291549683}, 'dongle_id': 'UnregisteredDevice', 'timestamp': 1757517991.7206998}
✅ IZQUIERDA activado
📤 Enviando a telemetry_mqtt/UnregisteredDevice/carControl: {'actuators': {'gas': 0.0, 'brake': 0.0, 'steer': 1.0, 'steeringAngleDeg': 37.110137939453125, 'accel': 1.6379389762878418, 'longControlState': 'pid', 'speed': 0.0, 'curvature': -0.016251903027296066, 'steerOutputCan': 0.0}, 'hudControl': {'speedVisible': True, 'setSpeed': 40.27777862548828, 'lanesVisible': True, 'leadVisible': True, 'visualAlert': 'none', 'audibleAlert': 'none', 'rightLaneVisible': True, 'leftLaneVisible': True, 'rightLaneDepart': False, 'leftLaneDepart': False, 'leadDistanceBars': 3}, 'dongle_id': 'UnregisteredDevice', 'timestamp': 1757517992.7214317, 'setSpeed_ms': 40.27777862548828, 'setSpeed_kmh': 145.00000305175783}
🚗 VELOCIDAD: 7.22 m/s = 26.0 km/h
📤 Enviando a telemetry_mqtt/UnregisteredDevice/carState: {'aEgo': 2.3061788082122803, 'cruiseState': {'enabled': True, 'speed': 0.0, 'available': True, 'speedOffset': 0.0, 'standstill': False, 'nonAdaptive': False, 'speedCluster': 0.0, 'speedLimit': 0.0}, 'leftBlinker': False, 'rightBlinker': False, 'vEgo': 7.218210220336914, 'vEgoCluster': 7.218210220336914, 'leftBlindspot': False, 'rightBlindspot': False, 'standstill': False, 'steeringAngleDeg': 4.199999809265137, 'steeringTorque': 0.0, 'steeringPressed': False, 'gasPressed': False, 'brakePressed': False, 'canValid': True, 'gearShifter': 'drive', 'steerFaultTemporary': False, 'steerFaultPermanent': False, 'dongle_id': 'UnregisteredDevice', 'timestamp': 1757517992.7218125, 'vEgo_kmh': 25.98555679321289, 'aEgo_ms2': 2.3061788082122803}
📤 Enviando a telemetry_mqtt/UnregisteredDevice/controlsState: {'active': True, 'alertText1': 'Changing Lanes', 'alertText2': '', 'alertSize': 'small', 'alertStatus': 'normal', 'alertBlinkingRate': 0.0, 'alertType': 'laneChange/warning', 'alertSound': 'none', 'vCruise': 145.0, 'longControlState': 'pid', 'vTargetLead': 0.0, 'upAccelCmd': -0.0, 'uiAccelCmd': 0.0, 'ufAccelCmd': 1.6379389762878418, 'aTarget': 0.0, 'cumLagMs': -2.059943675994873, 'experimentalMode': True, 'personality': 'relaxed', 'dongle_id': 'UnregisteredDevice', 'timestamp': 1757517992.7220771}
📤 Enviando a telemetry_mqtt/UnregisteredDevice/liveCalibration: {'calStatus': 'calibrated', 'calPerc': 100, 'dongle_id': 'UnregisteredDevice', 'timestamp': 1757517992.722247}
📤 Enviando a telemetry_mqtt/UnregisteredDevice/gpsLocationExternal: {'latitude': 32.753223257989596, 'longitude': -117.20949585285761, 'altitude': 0.0, 'dongle_id': 'UnregisteredDevice', 'timestamp': 1757517992.7226338, 'gps_valid': True, 'gps_coords': '32.753223,-117.209496'}
📤 Enviando a telemetry_mqtt/UnregisteredDevice/navInstruction: {'distanceRemaining': 0.0, 'maneuverDistance': 0.0, 'speedLimit': 0.0, 'timeRemaining': 0.0, 'dongle_id': 'UnregisteredDevice', 'timestamp': 1757517992.7227929}
📤 Enviando a telemetry_mqtt/UnregisteredDevice/radarState: {'radarErrors': [], 'dongle_id': 'UnregisteredDevice', 'timestamp': 1757517992.7229755}
📤 Enviando a telemetry_mqtt/UnregisteredDevice/drivingModelData: {'laneLineMeta': {'leftY': -1.768347144126892, 'rightY': 1.4003978967666626, 'leftProb': 0.08594917505979538, 'rightProb': 0.10585450381040573}, 'dongle_id': 'UnregisteredDevice', 'timestamp': 1757517992.7232337}
📤 Enviando a telemetry_mqtt/UnregisteredDevice/carControl: {'actuators': {'gas': 0.0, 'brake': 0.0, 'steer': 1.0, 'steeringAngleDeg': 26.550765991210938, 'accel': -0.10081518441438675, 'longControlState': 'pid', 'speed': 0.0, 'curvature': -0.011868897825479507, 'steerOutputCan': 0.0}, 'hudControl': {'speedVisible': True, 'setSpeed': 40.27777862548828, 'lanesVisible': True, 'leadVisible': True, 'visualAlert': 'none', 'audibleAlert': 'none', 'rightLaneVisible': True, 'leftLaneVisible': True, 'rightLaneDepart': False, 'leftLaneDepart': False, 'leadDistanceBars': 3}, 'dongle_id': 'UnregisteredDevice', 'timestamp': 1757517993.724381, 'setSpeed_ms': 40.27777862548828, 'setSpeed_kmh': 145.00000305175783}
🚗 VELOCIDAD: 8.91 m/s = 32.1 km/h
📤 Enviando a telemetry_mqtt/UnregisteredDevice/carState: {'aEgo': 0.8011218309402466, 'cruiseState': {'enabled': True, 'speed': 0.0, 'available': True, 'speedOffset': 0.0, 'standstill': False, 'nonAdaptive': False, 'speedCluster': 0.0, 'speedLimit': 0.0}, 'leftBlinker': False, 'rightBlinker': False, 'vEgo': 8.914362907409668, 'vEgoCluster': 8.914362907409668, 'leftBlindspot': False, 'rightBlindspot': False, 'standstill': False, 'steeringAngleDeg': 3.799999952316284, 'steeringTorque': 0.0, 'steeringPressed': False, 'gasPressed': False, 'brakePressed': False, 'canValid': True, 'gearShifter': 'drive', 'steerFaultTemporary': False, 'steerFaultPermanent': False, 'dongle_id': 'UnregisteredDevice', 'timestamp': 1757517993.7248888, 'vEgo_kmh': 32.09170646667481, 'aEgo_ms2': 0.8011218309402466}
📤 Enviando a telemetry_mqtt/UnregisteredDevice/controlsState: {'active': True, 'alertText1': 'Changing Lanes', 'alertText2': '', 'alertSize': 'small', 'alertStatus': 'normal', 'alertBlinkingRate': 0.0, 'alertType': 'laneChange/warning', 'alertSound': 'none', 'vCruise': 145.0, 'longControlState': 'pid', 'vTargetLead': 0.0, 'upAccelCmd': -0.0, 'uiAccelCmd': 0.0, 'ufAccelCmd': -0.10081518441438675, 'aTarget': 0.0, 'cumLagMs': -5.473501682281494, 'experimentalMode': True, 'personality': 'relaxed', 'dongle_id': 'UnregisteredDevice', 'timestamp': 1757517993.7252634}
📤 Enviando a telemetry_mqtt/UnregisteredDevice/liveCalibration: {'calStatus': 'calibrated', 'calPerc': 100, 'dongle_id': 'UnregisteredDevice', 'timestamp': 1757517993.7254534}
📤 Enviando a telemetry_mqtt/UnregisteredDevice/gpsLocationExternal: {'latitude': 32.75330835141153, 'longitude': -117.20948994090178, 'altitude': 0.0, 'dongle_id': 'UnregisteredDevice', 'timestamp': 1757517993.7256093, 'gps_valid': True, 'gps_coords': '32.753308,-117.209490'}
📤 Enviando a telemetry_mqtt/UnregisteredDevice/navInstruction: {'distanceRemaining': 0.0, 'maneuverDistance': 0.0, 'speedLimit': 0.0, 'timeRemaining': 0.0, 'dongle_id': 'UnregisteredDevice', 'timestamp': 1757517993.7258947}
📤 Enviando a telemetry_mqtt/UnregisteredDevice/radarState: {'radarErrors': [], 'dongle_id': 'UnregisteredDevice', 'timestamp': 1757517993.7260933}
📤 Enviando a telemetry_mqtt/UnregisteredDevice/drivingModelData: {'laneLineMeta': {'leftY': -1.0172382593154907, 'rightY': 2.048813581466675, 'leftProb': 0.020986000075936317, 'rightProb': 0.022560084238648415}, 'dongle_id': 'UnregisteredDevice', 'timestamp': 1757517993.7263846}
📤 Enviando a telemetry_mqtt/UnregisteredDevice/carControl: {'actuators': {'gas': 0.0, 'brake': 0.0, 'steer': 1.0, 'steeringAngleDeg': 8.37274169921875, 'accel': -1.5387629270553589, 'longControlState': 'pid', 'speed': 0.0, 'curvature': -0.004764551762491465, 'steerOutputCan': 0.0}, 'hudControl': {'speedVisible': True, 'setSpeed': 40.27777862548828, 'lanesVisible': True, 'leadVisible': True, 'visualAlert': 'none', 'audibleAlert': 'none', 'rightLaneVisible': True, 'leftLaneVisible': True, 'rightLaneDepart': False, 'leftLaneDepart': False, 'leadDistanceBars': 3}, 'dongle_id': 'UnregisteredDevice', 'timestamp': 1757517994.7270818, 'setSpeed_ms': 40.27777862548828, 'setSpeed_kmh': 145.00000305175783}
🚗 VELOCIDAD: 7.37 m/s = 26.5 km/h
📤 Enviando a telemetry_mqtt/UnregisteredDevice/carState: {'aEgo': -2.815446376800537, 'cruiseState': {'enabled': True, 'speed': 0.0, 'available': True, 'speedOffset': 0.0, 'standstill': False, 'nonAdaptive': False, 'speedCluster': 0.0, 'speedLimit': 0.0}, 'leftBlinker': False, 'rightBlinker': False, 'vEgo': 7.3668622970581055, 'vEgoCluster': 7.3668622970581055, 'leftBlindspot': False, 'rightBlindspot': False, 'standstill': False, 'steeringAngleDeg': 1.600000023841858, 'steeringTorque': 0.0, 'steeringPressed': False, 'gasPressed': False, 'brakePressed': False, 'canValid': True, 'gearShifter': 'drive', 'steerFaultTemporary': False, 'steerFaultPermanent': False, 'dongle_id': 'UnregisteredDevice', 'timestamp': 1757517994.7274249, 'vEgo_kmh': 26.52070426940918, 'aEgo_ms2': -2.815446376800537}
📤 Enviando a telemetry_mqtt/UnregisteredDevice/controlsState: {'active': True, 'alertText1': 'Changing Lanes', 'alertText2': '', 'alertSize': 'small', 'alertStatus': 'normal', 'alertBlinkingRate': 0.0, 'alertType': 'laneChange/warning', 'alertSound': 'none', 'vCruise': 145.0, 'longControlState': 'pid', 'vTargetLead': 0.0, 'upAccelCmd': 0.0, 'uiAccelCmd': 0.0, 'ufAccelCmd': -1.5387629270553589, 'aTarget': 0.0, 'cumLagMs': -5.448941707611084, 'experimentalMode': True, 'personality': 'relaxed', 'dongle_id': 'UnregisteredDevice', 'timestamp': 1757517994.7276483}
📤 Enviando a telemetry_mqtt/UnregisteredDevice/liveCalibration: {'calStatus': 'calibrated', 'calPerc': 100, 'dongle_id': 'UnregisteredDevice', 'timestamp': 1757517994.727764}
📤 Enviando a telemetry_mqtt/UnregisteredDevice/gpsLocationExternal: {'latitude': 32.753391642312714, 'longitude': -117.20947473630049, 'altitude': 0.0, 'dongle_id': 'UnregisteredDevice', 'timestamp': 1757517994.7279165, 'gps_valid': True, 'gps_coords': '32.753392,-117.209475'}
📤 Enviando a telemetry_mqtt/UnregisteredDevice/navInstruction: {'distanceRemaining': 0.0, 'maneuverDistance': 0.0, 'speedLimit': 0.0, 'timeRemaining': 0.0, 'dongle_id': 'UnregisteredDevice', 'timestamp': 1757517994.7280512}
📤 Enviando a telemetry_mqtt/UnregisteredDevice/radarState: {'radarErrors': [], 'dongle_id': 'UnregisteredDevice', 'timestamp': 1757517994.7283168}
📤 Enviando a telemetry_mqtt/UnregisteredDevice/drivingModelData: {'laneLineMeta': {'leftY': -1.0130267143249512, 'rightY': 1.2209413051605225, 'leftProb': 0.07676991820335388, 'rightProb': 0.08609279990196228}, 'dongle_id': 'UnregisteredDevice', 'timestamp': 1757517994.7284813}
📤 Enviando a telemetry_mqtt/UnregisteredDevice/carControl: {'actuators': {'gas': 0.0, 'brake': 0.0, 'steer': 1.0, 'steeringAngleDeg': 6.80356502532959, 'accel': -2.2938766479492188, 'longControlState': 'pid', 'speed': 0.0, 'curvature': -0.004195972811430693, 'steerOutputCan': 0.0}, 'hudControl': {'speedVisible': True, 'setSpeed': 40.27777862548828, 'lanesVisible': True, 'leadVisible': False, 'visualAlert': 'none', 'audibleAlert': 'none', 'rightLaneVisible': True, 'leftLaneVisible': True, 'rightLaneDepart': False, 'leftLaneDepart': False, 'leadDistanceBars': 3}, 'dongle_id': 'UnregisteredDevice', 'timestamp': 1757517995.7293832, 'setSpeed_ms': 40.27777862548828, 'setSpeed_kmh': 145.00000305175783}
🚗 VELOCIDAD: 4.23 m/s = 15.2 km/h
📤 Enviando a telemetry_mqtt/UnregisteredDevice/carState: {'aEgo': -3.1772427558898926, 'cruiseState': {'enabled': True, 'speed': 0.0, 'available': True, 'speedOffset': 0.0, 'standstill': False, 'nonAdaptive': False, 'speedCluster': 0.0, 'speedLimit': 0.0}, 'leftBlinker': False, 'rightBlinker': False, 'vEgo': 4.230015277862549, 'vEgoCluster': 4.230015277862549, 'leftBlindspot': False, 'rightBlindspot': False, 'standstill': False, 'steeringAngleDeg': 1.100000023841858, 'steeringTorque': 0.0, 'steeringPressed': False, 'gasPressed': False, 'brakePressed': False, 'canValid': True, 'gearShifter': 'drive', 'steerFaultTemporary': False, 'steerFaultPermanent': False, 'dongle_id': 'UnregisteredDevice', 'timestamp': 1757517995.7298772, 'vEgo_kmh': 15.228055000305176, 'aEgo_ms2': -3.1772427558898926}
📤 Enviando a telemetry_mqtt/UnregisteredDevice/controlsState: {'active': True, 'alertText1': 'Changing Lanes', 'alertText2': '', 'alertSize': 'small', 'alertStatus': 'normal', 'alertBlinkingRate': 0.0, 'alertType': 'laneChange/warning', 'alertSound': 'none', 'vCruise': 145.0, 'longControlState': 'pid', 'vTargetLead': 0.0, 'upAccelCmd': 0.0, 'uiAccelCmd': 0.0, 'ufAccelCmd': -2.2938766479492188, 'aTarget': 0.0, 'cumLagMs': -6.256429195404053, 'experimentalMode': True, 'personality': 'relaxed', 'dongle_id': 'UnregisteredDevice', 'timestamp': 1757517995.7302265}
📤 Enviando a telemetry_mqtt/UnregisteredDevice/liveCalibration: {'calStatus': 'calibrated', 'calPerc': 100, 'dongle_id': 'UnregisteredDevice', 'timestamp': 1757517995.7304628}
📤 Enviando a telemetry_mqtt/UnregisteredDevice/gpsLocationExternal: {'latitude': 32.75345029995889, 'longitude': -117.20945986137964, 'altitude': 0.0, 'dongle_id': 'UnregisteredDevice', 'timestamp': 1757517995.7306125, 'gps_valid': True, 'gps_coords': '32.753450,-117.209460'}
📤 Enviando a telemetry_mqtt/UnregisteredDevice/navInstruction: {'distanceRemaining': 0.0, 'maneuverDistance': 0.0, 'speedLimit': 0.0, 'timeRemaining': 0.0, 'dongle_id': 'UnregisteredDevice', 'timestamp': 1757517995.7307477}
📤 Enviando a telemetry_mqtt/UnregisteredDevice/radarState: {'radarErrors': [], 'dongle_id': 'UnregisteredDevice', 'timestamp': 1757517995.7309718}
📤 Enviando a telemetry_mqtt/UnregisteredDevice/drivingModelData: {'laneLineMeta': {'leftY': -1.155956745147705, 'rightY': 1.585222840309143, 'leftProb': 0.14031140506267548, 'rightProb': 0.1824391931295395}, 'dongle_id': 'UnregisteredDevice', 'timestamp': 1757517995.7311063}
📊 Resumen de telemetría enviado: telemetry_mqtt/UnregisteredDevice/resumen_principal
📤 Enviando a telemetry_mqtt/UnregisteredDevice/carControl: {'actuators': {'gas': 0.0, 'brake': 0.0, 'steer': 1.0, 'steeringAngleDeg': 35.222713470458984, 'accel': -1.5987584590911865, 'longControlState': 'pid', 'speed': 0.0, 'curvature': -0.016289105638861656, 'steerOutputCan': 0.0}, 'hudControl': {'speedVisible': True, 'setSpeed': 40.27777862548828, 'lanesVisible': True, 'leadVisible': False, 'visualAlert': 'none', 'audibleAlert': 'none', 'rightLaneVisible': True, 'leftLaneVisible': True, 'rightLaneDepart': False, 'leftLaneDepart': False, 'leadDistanceBars': 3}, 'dongle_id': 'UnregisteredDevice', 'timestamp': 1757517996.7320082, 'setSpeed_ms': 40.27777862548828, 'setSpeed_kmh': 145.00000305175783}
🚗 VELOCIDAD: 0.83 m/s = 3.0 km/h
📤 Enviando a telemetry_mqtt/UnregisteredDevice/carState: {'aEgo': -2.8844192028045654, 'cruiseState': {'enabled': True, 'speed': 0.0, 'available': True, 'speedOffset': 0.0, 'standstill': False, 'nonAdaptive': False, 'speedCluster': 0.0, 'speedLimit': 0.0}, 'leftBlinker': False, 'rightBlinker': False, 'vEgo': 0.8254930973052979, 'vEgoCluster': 0.8254930973052979, 'leftBlindspot': False, 'rightBlindspot': False, 'standstill': False, 'steeringAngleDeg': 5.400000095367432, 'steeringTorque': 0.0, 'steeringPressed': False, 'gasPressed': False, 'brakePressed': False, 'canValid': True, 'gearShifter': 'drive', 'steerFaultTemporary': False, 'steerFaultPermanent': False, 'dongle_id': 'UnregisteredDevice', 'timestamp': 1757517996.7325494, 'vEgo_kmh': 2.9717751502990724, 'aEgo_ms2': -2.8844192028045654}
📤 Enviando a telemetry_mqtt/UnregisteredDevice/controlsState: {'active': True, 'alertText1': 'Changing Lanes', 'alertText2': '', 'alertSize': 'small', 'alertStatus': 'normal', 'alertBlinkingRate': 0.0, 'alertType': 'laneChange/warning', 'alertSound': 'none', 'vCruise': 145.0, 'longControlState': 'pid', 'vTargetLead': 0.0, 'upAccelCmd': 0.0, 'uiAccelCmd': 0.0, 'ufAccelCmd': -1.5987584590911865, 'aTarget': 0.0, 'cumLagMs': -3.7659413814544678, 'experimentalMode': True, 'personality': 'relaxed', 'dongle_id': 'UnregisteredDevice', 'timestamp': 1757517996.7329667}
📤 Enviando a telemetry_mqtt/UnregisteredDevice/liveCalibration: {'calStatus': 'calibrated', 'calPerc': 100, 'dongle_id': 'UnregisteredDevice', 'timestamp': 1757517996.7331057}
📤 Enviando a telemetry_mqtt/UnregisteredDevice/gpsLocationExternal: {'latitude': 32.75347617112131, 'longitude': -117.2094525780783, 'altitude': 0.0, 'dongle_id': 'UnregisteredDevice', 'timestamp': 1757517996.7332313, 'gps_valid': True, 'gps_coords': '32.753476,-117.209453'}
📤 Enviando a telemetry_mqtt/UnregisteredDevice/navInstruction: {'distanceRemaining': 0.0, 'maneuverDistance': 0.0, 'speedLimit': 0.0, 'timeRemaining': 0.0, 'dongle_id': 'UnregisteredDevice', 'timestamp': 1757517996.7333724}
📤 Enviando a telemetry_mqtt/UnregisteredDevice/radarState: {'radarErrors': [], 'dongle_id': 'UnregisteredDevice', 'timestamp': 1757517996.7335687}
📤 Enviando a telemetry_mqtt/UnregisteredDevice/drivingModelData: {'laneLineMeta': {'leftY': -1.639165997505188, 'rightY': 1.0178983211517334, 'leftProb': 0.24947158992290497, 'rightProb': 0.35476383566856384}, 'dongle_id': 'UnregisteredDevice', 'timestamp': 1757517996.7337294}
📤 Enviando a telemetry_mqtt/UnregisteredDevice/carControl: {'actuators': {'gas': 0.0, 'brake': 0.0, 'steer': -1.0, 'steeringAngleDeg': -394.67315673828125, 'accel': 0.8432930111885071, 'longControlState': 'pid', 'speed': 0.0, 'curvature': 0.16669468581676483, 'steerOutputCan': 0.0}, 'hudControl': {'speedVisible': True, 'setSpeed': 40.27777862548828, 'lanesVisible': True, 'leadVisible': False, 'visualAlert': 'none', 'audibleAlert': 'none', 'rightLaneVisible': True, 'leftLaneVisible': True, 'rightLaneDepart': False, 'leftLaneDepart': False, 'leadDistanceBars': 3}, 'dongle_id': 'UnregisteredDevice', 'timestamp': 1757517997.7345297, 'setSpeed_ms': 40.27777862548828, 'setSpeed_kmh': 145.00000305175783}
🚗 VELOCIDAD: 0.32 m/s = 1.2 km/h
📤 Enviando a telemetry_mqtt/UnregisteredDevice/carState: {'aEgo': 1.4878029823303223, 'cruiseState': {'enabled': True, 'speed': 0.0, 'available': True, 'speedOffset': 0.0, 'standstill': False, 'nonAdaptive': False, 'speedCluster': 0.0, 'speedLimit': 0.0}, 'leftBlinker': False, 'rightBlinker': False, 'vEgo': 0.32420292496681213, 'vEgoCluster': 0.32420292496681213, 'leftBlindspot': False, 'rightBlindspot': False, 'standstill': False, 'steeringAngleDeg': -58.70000076293945, 'steeringTorque': 0.0, 'steeringPressed': False, 'gasPressed': False, 'brakePressed': False, 'canValid': True, 'gearShifter': 'drive', 'steerFaultTemporary': False, 'steerFaultPermanent': False, 'dongle_id': 'UnregisteredDevice', 'timestamp': 1757517997.7349696, 'vEgo_kmh': 1.1671305298805237, 'aEgo_ms2': 1.4878029823303223}
📤 Enviando a telemetry_mqtt/UnregisteredDevice/controlsState: {'active': True, 'alertSize': 'none', 'alertStatus': 'normal', 'alertBlinkingRate': 0.0, 'alertSound': 'none', 'vCruise': 145.0, 'longControlState': 'pid', 'vTargetLead': 0.0, 'upAccelCmd': -0.0, 'uiAccelCmd': 0.0, 'ufAccelCmd': 0.8432930111885071, 'aTarget': 0.0, 'cumLagMs': -4.613032341003418, 'experimentalMode': True, 'personality': 'relaxed', 'dongle_id': 'UnregisteredDevice', 'timestamp': 1757517997.7352917}
📤 Enviando a telemetry_mqtt/UnregisteredDevice/liveCalibration: {'calStatus': 'calibrated', 'calPerc': 100, 'dongle_id': 'UnregisteredDevice', 'timestamp': 1757517997.73548}
📤 Enviando a telemetry_mqtt/UnregisteredDevice/gpsLocationExternal: {'latitude': 32.75347817524881, 'longitude': -117.2094520353041, 'altitude': 0.0, 'dongle_id': 'UnregisteredDevice', 'timestamp': 1757517997.735588, 'gps_valid': True, 'gps_coords': '32.753478,-117.209452'}
📤 Enviando a telemetry_mqtt/UnregisteredDevice/navInstruction: {'distanceRemaining': 0.0, 'maneuverDistance': 0.0, 'speedLimit': 0.0, 'timeRemaining': 0.0, 'dongle_id': 'UnregisteredDevice', 'timestamp': 1757517997.735685}
📤 Enviando a telemetry_mqtt/UnregisteredDevice/radarState: {'radarErrors': [], 'dongle_id': 'UnregisteredDevice', 'timestamp': 1757517997.735883}
📤 Enviando a telemetry_mqtt/UnregisteredDevice/drivingModelData: {'laneLineMeta': {'leftY': -2.088907480239868, 'rightY': 1.3683053255081177, 'leftProb': 0.0726577639579773, 'rightProb': 0.06967902928590775}, 'dongle_id': 'UnregisteredDevice', 'timestamp': 1757517997.7360039}
📤 Enviando a telemetry_mqtt/UnregisteredDevice/carControl: {'actuators': {'gas': 0.0, 'brake': 0.0, 'steer': 1.0, 'steeringAngleDeg': 8.602606773376465, 'accel': 1.6839696168899536, 'longControlState': 'pid', 'speed': 0.0, 'curvature': -0.004797847010195255, 'steerOutputCan': 0.0}, 'hudControl': {'speedVisible': True, 'setSpeed': 40.27777862548828, 'lanesVisible': True, 'leadVisible': False, 'visualAlert': 'none', 'audibleAlert': 'none', 'rightLaneVisible': True, 'leftLaneVisible': True, 'rightLaneDepart': False, 'leftLaneDepart': False, 'leadDistanceBars': 3}, 'dongle_id': 'UnregisteredDevice', 'timestamp': 1757517998.7367117, 'setSpeed_ms': 40.27777862548828, 'setSpeed_kmh': 145.00000305175783}
🚗 VELOCIDAD: 2.59 m/s = 9.3 km/h
📤 Enviando a telemetry_mqtt/UnregisteredDevice/carState: {'aEgo': 2.7049691677093506, 'cruiseState': {'enabled': True, 'speed': 0.0, 'available': True, 'speedOffset': 0.0, 'standstill': False, 'nonAdaptive': False, 'speedCluster': 0.0, 'speedLimit': 0.0}, 'leftBlinker': False, 'rightBlinker': False, 'vEgo': 2.588717460632324, 'vEgoCluster': 2.588717460632324, 'leftBlindspot': False, 'rightBlindspot': False, 'standstill': False, 'steeringAngleDeg': 0.5, 'steeringTorque': 0.0, 'steeringPressed': False, 'gasPressed': False, 'brakePressed': False, 'canValid': True, 'gearShifter': 'drive', 'steerFaultTemporary': False, 'steerFaultPermanent': False, 'dongle_id': 'UnregisteredDevice', 'timestamp': 1757517998.7370775, 'vEgo_kmh': 9.319382858276368, 'aEgo_ms2': 2.7049691677093506}
📤 Enviando a telemetry_mqtt/UnregisteredDevice/controlsState: {'active': True, 'alertSize': 'none', 'alertStatus': 'normal', 'alertBlinkingRate': 0.0, 'alertSound': 'none', 'vCruise': 145.0, 'longControlState': 'pid', 'vTargetLead': 0.0, 'upAccelCmd': -0.0, 'uiAccelCmd': 0.0, 'ufAccelCmd': 1.6839696168899536, 'aTarget': 0.0, 'cumLagMs': -6.139570236206055, 'experimentalMode': True, 'personality': 'relaxed', 'dongle_id': 'UnregisteredDevice', 'timestamp': 1757517998.7373605}
📤 Enviando a telemetry_mqtt/UnregisteredDevice/liveCalibration: {'calStatus': 'calibrated', 'calPerc': 100, 'dongle_id': 'UnregisteredDevice', 'timestamp': 1757517998.7375605}
📤 Enviando a telemetry_mqtt/UnregisteredDevice/gpsLocationExternal: {'latitude': 32.75348929081888, 'longitude': -117.20944964222052, 'altitude': 0.0, 'dongle_id': 'UnregisteredDevice', 'timestamp': 1757517998.7376454, 'gps_valid': True, 'gps_coords': '32.753489,-117.209450'}
📤 Enviando a telemetry_mqtt/UnregisteredDevice/navInstruction: {'distanceRemaining': 0.0, 'maneuverDistance': 0.0, 'speedLimit': 0.0, 'timeRemaining': 0.0, 'dongle_id': 'UnregisteredDevice', 'timestamp': 1757517998.7377944}
📤 Enviando a telemetry_mqtt/UnregisteredDevice/radarState: {'radarErrors': [], 'dongle_id': 'UnregisteredDevice', 'timestamp': 1757517998.7380164}
📤 Enviando a telemetry_mqtt/UnregisteredDevice/drivingModelData: {'laneLineMeta': {'leftY': -1.1053617000579834, 'rightY': 1.902711033821106, 'leftProb': 0.1816129833459854, 'rightProb': 0.18393675982952118}, 'dongle_id': 'UnregisteredDevice', 'timestamp': 1757517998.7381392}
📤 Enviando a telemetry_mqtt/UnregisteredDevice/carControl: {'actuators': {'gas': 0.0, 'brake': 0.0, 'steer': -1.0, 'steeringAngleDeg': -19.27741813659668, 'accel': 1.700396180152893, 'longControlState': 'pid', 'speed': 0.0, 'curvature': 0.00702459504827857, 'steerOutputCan': 0.0}, 'hudControl': {'speedVisible': True, 'setSpeed': 40.27777862548828, 'lanesVisible': True, 'leadVisible': False, 'visualAlert': 'none', 'audibleAlert': 'none', 'rightLaneVisible': True, 'leftLaneVisible': True, 'rightLaneDepart': False, 'leftLaneDepart': False, 'leadDistanceBars': 3}, 'dongle_id': 'UnregisteredDevice', 'timestamp': 1757517999.7388976, 'setSpeed_ms': 40.27777862548828, 'setSpeed_kmh': 145.00000305175783}
🚗 VELOCIDAD: 5.36 m/s = 19.3 km/h
📤 Enviando a telemetry_mqtt/UnregisteredDevice/carState: {'aEgo': 2.753344774246216, 'cruiseState': {'enabled': True, 'speed': 0.0, 'available': True, 'speedOffset': 0.0, 'standstill': False, 'nonAdaptive': False, 'speedCluster': 0.0, 'speedLimit': 0.0}, 'leftBlinker': False, 'rightBlinker': False, 'vEgo': 5.358119487762451, 'vEgoCluster': 5.358119487762451, 'leftBlindspot': False, 'rightBlindspot': False, 'standstill': False, 'steeringAngleDeg': -2.200000047683716, 'steeringTorque': 0.0, 'steeringPressed': False, 'gasPressed': False, 'brakePressed': False, 'canValid': True, 'gearShifter': 'drive', 'steerFaultTemporary': False, 'steerFaultPermanent': False, 'dongle_id': 'UnregisteredDevice', 'timestamp': 1757517999.7392576, 'vEgo_kmh': 19.289230155944825, 'aEgo_ms2': 2.753344774246216}
📤 Enviando a telemetry_mqtt/UnregisteredDevice/controlsState: {'active': True, 'alertSize': 'none', 'alertStatus': 'normal', 'alertBlinkingRate': 0.0, 'alertSound': 'none', 'vCruise': 145.0, 'longControlState': 'pid', 'vTargetLead': 0.0, 'upAccelCmd': -0.0, 'uiAccelCmd': 0.0, 'ufAccelCmd': 1.700396180152893, 'aTarget': 0.0, 'cumLagMs': -5.917370319366455, 'experimentalMode': True, 'personality': 'relaxed', 'dongle_id': 'UnregisteredDevice', 'timestamp': 1757517999.739525}
📤 Enviando a telemetry_mqtt/UnregisteredDevice/liveCalibration: {'calStatus': 'calibrated', 'calPerc': 100, 'dongle_id': 'UnregisteredDevice', 'timestamp': 1757517999.739721}
📤 Enviando a telemetry_mqtt/UnregisteredDevice/gpsLocationExternal: {'latitude': 32.75352542832346, 'longitude': -117.20944028762915, 'altitude': 0.0, 'dongle_id': 'UnregisteredDevice', 'timestamp': 1757517999.7398472, 'gps_valid': True, 'gps_coords': '32.753525,-117.209440'}
📤 Enviando a telemetry_mqtt/UnregisteredDevice/navInstruction: {'distanceRemaining': 0.0, 'maneuverDistance': 0.0, 'speedLimit': 0.0, 'timeRemaining': 0.0, 'dongle_id': 'UnregisteredDevice', 'timestamp': 1757517999.7399805}
📤 Enviando a telemetry_mqtt/UnregisteredDevice/radarState: {'radarErrors': [], 'dongle_id': 'UnregisteredDevice', 'timestamp': 1757517999.740203}
📤 Enviando a telemetry_mqtt/UnregisteredDevice/drivingModelData: {'laneLineMeta': {'leftY': -1.0777769088745117, 'rightY': 1.953729271888733, 'leftProb': 0.15773864090442657, 'rightProb': 0.17531827092170715}, 'dongle_id': 'UnregisteredDevice', 'timestamp': 1757517999.7403913}
📤 Enviando a telemetry_mqtt/UnregisteredDevice/carControl: {'actuators': {'gas': 0.0, 'brake': 0.0, 'steer': -1.0, 'steeringAngleDeg': -20.683208465576172, 'accel': 1.4529234170913696, 'longControlState': 'pid', 'speed': 0.0, 'curvature': 0.007655418943613768, 'steerOutputCan': 0.0}, 'hudControl': {'speedVisible': True, 'setSpeed': 40.27777862548828, 'lanesVisible': True, 'leadVisible': False, 'visualAlert': 'none', 'audibleAlert': 'none', 'rightLaneVisible': True, 'leftLaneVisible': True, 'rightLaneDepart': False, 'leftLaneDepart': False, 'leadDistanceBars': 3}, 'dongle_id': 'UnregisteredDevice', 'timestamp': 1757518000.7410529, 'setSpeed_ms': 40.27777862548828, 'setSpeed_kmh': 145.00000305175783}
🚗 VELOCIDAD: 8.00 m/s = 28.8 km/h
📤 Enviando a telemetry_mqtt/UnregisteredDevice/carState: {'aEgo': 2.0074853897094727, 'cruiseState': {'enabled': True, 'speed': 0.0, 'available': True, 'speedOffset': 0.0, 'standstill': False, 'nonAdaptive': False, 'speedCluster': 0.0, 'speedLimit': 0.0}, 'leftBlinker': False, 'rightBlinker': False, 'vEgo': 7.996639251708984, 'vEgoCluster': 7.996639251708984, 'leftBlindspot': False, 'rightBlindspot': False, 'standstill': False, 'steeringAngleDeg': -4.400000095367432, 'steeringTorque': 0.0, 'steeringPressed': False, 'gasPressed': False, 'brakePressed': False, 'canValid': True, 'gearShifter': 'drive', 'steerFaultTemporary': False, 'steerFaultPermanent': False, 'dongle_id': 'UnregisteredDevice', 'timestamp': 1757518000.7414632, 'vEgo_kmh': 28.787901306152346, 'aEgo_ms2': 2.0074853897094727}
📤 Enviando a telemetry_mqtt/UnregisteredDevice/controlsState: {'active': True, 'alertSize': 'none', 'alertStatus': 'normal', 'alertBlinkingRate': 0.0, 'alertSound': 'none', 'vCruise': 145.0, 'longControlState': 'pid', 'vTargetLead': 0.0, 'upAccelCmd': -0.0, 'uiAccelCmd': 0.0, 'ufAccelCmd': 1.4529234170913696, 'aTarget': 0.0, 'cumLagMs': -3.8479909896850586, 'experimentalMode': True, 'personality': 'relaxed', 'dongle_id': 'UnregisteredDevice', 'timestamp': 1757518000.7417233}
📤 Enviando a telemetry_mqtt/UnregisteredDevice/liveCalibration: {'calStatus': 'calibrated', 'calPerc': 100, 'dongle_id': 'UnregisteredDevice', 'timestamp': 1757518000.7418818}
📤 Enviando a telemetry_mqtt/UnregisteredDevice/gpsLocationExternal: {'latitude': 32.7535848929307, 'longitude': -117.20942664359191, 'altitude': 0.0, 'dongle_id': 'UnregisteredDevice', 'timestamp': 1757518000.7419891, 'gps_valid': True, 'gps_coords': '32.753585,-117.209427'}
📤 Enviando a telemetry_mqtt/UnregisteredDevice/navInstruction: {'distanceRemaining': 0.0, 'maneuverDistance': 0.0, 'speedLimit': 0.0, 'timeRemaining': 0.0, 'dongle_id': 'UnregisteredDevice', 'timestamp': 1757518000.7420971}
📤 Enviando a telemetry_mqtt/UnregisteredDevice/radarState: {'radarErrors': [], 'dongle_id': 'UnregisteredDevice', 'timestamp': 1757518000.7422564}
📤 Enviando a telemetry_mqtt/UnregisteredDevice/drivingModelData: {'laneLineMeta': {'leftY': -2.3556768894195557, 'rightY': 0.4986847937107086, 'leftProb': 0.4069874584674835, 'rightProb': 0.4071834683418274}, 'dongle_id': 'UnregisteredDevice', 'timestamp': 1757518000.7424636}
📊 Resumen de telemetría enviado: telemetry_mqtt/UnregisteredDevice/resumen_principal
📤 Enviando a telemetry_mqtt/UnregisteredDevice/carControl: {'actuators': {'gas': 0.0, 'brake': 0.0, 'steer': -1.0, 'steeringAngleDeg': -15.750425338745117, 'accel': 0.9724313020706177, 'longControlState': 'pid', 'speed': 0.0, 'curvature': 0.005871965549886227, 'steerOutputCan': 0.0}, 'hudControl': {'speedVisible': True, 'setSpeed': 40.27777862548828, 'lanesVisible': True, 'leadVisible': False, 'visualAlert': 'none', 'audibleAlert': 'none', 'rightLaneVisible': True, 'leftLaneVisible': True, 'rightLaneDepart': False, 'leftLaneDepart': False, 'leadDistanceBars': 3}, 'dongle_id': 'UnregisteredDevice', 'timestamp': 1757518001.7466724, 'setSpeed_ms': 40.27777862548828, 'setSpeed_kmh': 145.00000305175783}
🚗 VELOCIDAD: 10.19 m/s = 36.7 km/h
📤 Enviando a telemetry_mqtt/UnregisteredDevice/carState: {'aEgo': 1.7701725959777832, 'cruiseState': {'enabled': True, 'speed': 0.0, 'available': True, 'speedOffset': 0.0, 'standstill': False, 'nonAdaptive': False, 'speedCluster': 0.0, 'speedLimit': 0.0}, 'leftBlinker': False, 'rightBlinker': False, 'vEgo': 10.187575340270996, 'vEgoCluster': 10.187575340270996, 'leftBlindspot': False, 'rightBlindspot': False, 'standstill': False, 'steeringAngleDeg': -2.200000047683716, 'steeringTorque': 0.0, 'steeringPressed': False, 'gasPressed': False, 'brakePressed': False, 'canValid': True, 'gearShifter': 'drive', 'steerFaultTemporary': False, 'steerFaultPermanent': False, 'dongle_id': 'UnregisteredDevice', 'timestamp': 1757518001.7478867, 'vEgo_kmh': 36.67527122497559, 'aEgo_ms2': 1.7701725959777832}
📤 Enviando a telemetry_mqtt/UnregisteredDevice/controlsState: {'active': True, 'alertSize': 'none', 'alertStatus': 'normal', 'alertBlinkingRate': 0.0, 'alertSound': 'none', 'vCruise': 145.0, 'longControlState': 'pid', 'vTargetLead': 0.0, 'upAccelCmd': -0.0, 'uiAccelCmd': 0.0, 'ufAccelCmd': 0.9724313020706177, 'aTarget': 0.0, 'cumLagMs': -5.841414928436279, 'experimentalMode': True, 'personality': 'relaxed', 'dongle_id': 'UnregisteredDevice', 'timestamp': 1757518001.7482705}
📤 Enviando a telemetry_mqtt/UnregisteredDevice/liveCalibration: {'calStatus': 'calibrated', 'calPerc': 100, 'dongle_id': 'UnregisteredDevice', 'timestamp': 1757518001.7485116}
📤 Enviando a telemetry_mqtt/UnregisteredDevice/gpsLocationExternal: {'latitude': 32.75367809838266, 'longitude': -117.20941411257841, 'altitude': 0.0, 'dongle_id': 'UnregisteredDevice', 'timestamp': 1757518001.748691, 'gps_valid': True, 'gps_coords': '32.753678,-117.209414'}
📤 Enviando a telemetry_mqtt/UnregisteredDevice/navInstruction: {'distanceRemaining': 0.0, 'maneuverDistance': 0.0, 'speedLimit': 0.0, 'timeRemaining': 0.0, 'dongle_id': 'UnregisteredDevice', 'timestamp': 1757518001.7488716}
📤 Enviando a telemetry_mqtt/UnregisteredDevice/radarState: {'radarErrors': [], 'dongle_id': 'UnregisteredDevice', 'timestamp': 1757518001.74915}
📤 Enviando a telemetry_mqtt/UnregisteredDevice/drivingModelData: {'laneLineMeta': {'leftY': -2.185997724533081, 'rightY': 0.8356838822364807, 'leftProb': 0.5498486161231995, 'rightProb': 0.635073184967041}, 'dongle_id': 'UnregisteredDevice', 'timestamp': 1757518001.749453}
📤 Enviando a telemetry_mqtt/UnregisteredDevice/carControl: {'actuators': {'gas': 0.0, 'brake': 0.0, 'steer': 1.0, 'steeringAngleDeg': 4.043039798736572, 'accel': 0.410968154668808, 'longControlState': 'pid', 'speed': 0.0, 'curvature': -0.0017129534389823675, 'steerOutputCan': 0.0}, 'hudControl': {'speedVisible': True, 'setSpeed': 40.27777862548828, 'lanesVisible': True, 'leadVisible': False, 'visualAlert': 'none', 'audibleAlert': 'none', 'rightLaneVisible': True, 'leftLaneVisible': True, 'rightLaneDepart': False, 'leftLaneDepart': False, 'leadDistanceBars': 3}, 'dongle_id': 'UnregisteredDevice', 'timestamp': 1757518002.7503898, 'setSpeed_ms': 40.27777862548828, 'setSpeed_kmh': 145.00000305175783}
🚗 VELOCIDAD: 10.88 m/s = 39.2 km/h
📤 Enviando a telemetry_mqtt/UnregisteredDevice/carState: {'aEgo': 0.4681914448738098, 'cruiseState': {'enabled': True, 'speed': 0.0, 'available': True, 'speedOffset': 0.0, 'standstill': False, 'nonAdaptive': False, 'speedCluster': 0.0, 'speedLimit': 0.0}, 'leftBlinker': False, 'rightBlinker': False, 'vEgo': 10.882444381713867, 'vEgoCluster': 10.882444381713867, 'leftBlindspot': False, 'rightBlindspot': False, 'standstill': False, 'steeringAngleDeg': 0.10000000149011612, 'steeringTorque': 0.0, 'steeringPressed': False, 'gasPressed': False, 'brakePressed': False, 'canValid': True, 'gearShifter': 'drive', 'steerFaultTemporary': False, 'steerFaultPermanent': False, 'dongle_id': 'UnregisteredDevice', 'timestamp': 1757518002.7507377, 'vEgo_kmh': 39.17679977416992, 'aEgo_ms2': 0.4681914448738098}
📤 Enviando a telemetry_mqtt/UnregisteredDevice/controlsState: {'active': True, 'alertSize': 'none', 'alertStatus': 'normal', 'alertBlinkingRate': 0.0, 'alertSound': 'none', 'vCruise': 145.0, 'longControlState': 'pid', 'vTargetLead': 0.0, 'upAccelCmd': -0.0, 'uiAccelCmd': 0.0, 'ufAccelCmd': 0.410968154668808, 'aTarget': 0.0, 'cumLagMs': -6.294610023498535, 'experimentalMode': True, 'personality': 'relaxed', 'dongle_id': 'UnregisteredDevice', 'timestamp': 1757518002.7510974}
📤 Enviando a telemetry_mqtt/UnregisteredDevice/liveCalibration: {'calStatus': 'calibrated', 'calPerc': 100, 'dongle_id': 'UnregisteredDevice', 'timestamp': 1757518002.7513433}
📤 Enviando a telemetry_mqtt/UnregisteredDevice/gpsLocationExternal: {'latitude': 32.75378452530832, 'longitude': -117.20941106233694, 'altitude': 0.0, 'dongle_id': 'UnregisteredDevice', 'timestamp': 1757518002.7514505, 'gps_valid': True, 'gps_coords': '32.753785,-117.209411'}
📤 Enviando a telemetry_mqtt/UnregisteredDevice/navInstruction: {'distanceRemaining': 0.0, 'maneuverDistance': 0.0, 'speedLimit': 0.0, 'timeRemaining': 0.0, 'dongle_id': 'UnregisteredDevice', 'timestamp': 1757518002.7515464}
📤 Enviando a telemetry_mqtt/UnregisteredDevice/radarState: {'radarErrors': [], 'dongle_id': 'UnregisteredDevice', 'timestamp': 1757518002.751726}
📤 Enviando a telemetry_mqtt/UnregisteredDevice/drivingModelData: {'laneLineMeta': {'leftY': -2.1578335762023926, 'rightY': 1.1097819805145264, 'leftProb': 0.7743964791297913, 'rightProb': 0.8172802925109863}, 'dongle_id': 'UnregisteredDevice', 'timestamp': 1757518002.7519107}
📤 Enviando a telemetry_mqtt/UnregisteredDevice/carControl: {'actuators': {'gas': 0.0, 'brake': 0.0, 'steer': 1.0, 'steeringAngleDeg': 2.511493682861328, 'accel': -1.4036283493041992, 'longControlState': 'pid', 'speed': 0.0, 'curvature': -0.0014145595487207174, 'steerOutputCan': 0.0}, 'hudControl': {'speedVisible': True, 'setSpeed': 40.27777862548828, 'lanesVisible': True, 'leadVisible': False, 'visualAlert': 'none', 'audibleAlert': 'none', 'rightLaneVisible': True, 'leftLaneVisible': True, 'rightLaneDepart': False, 'leftLaneDepart': False, 'leadDistanceBars': 3}, 'dongle_id': 'UnregisteredDevice', 'timestamp': 1757518003.752616, 'setSpeed_ms': 40.27777862548828, 'setSpeed_kmh': 145.00000305175783}
🚗 VELOCIDAD: 10.69 m/s = 38.5 km/h
📤 Enviando a telemetry_mqtt/UnregisteredDevice/carState: {'aEgo': -0.5813302993774414, 'cruiseState': {'enabled': True, 'speed': 0.0, 'available': True, 'speedOffset': 0.0, 'standstill': False, 'nonAdaptive': False, 'speedCluster': 0.0, 'speedLimit': 0.0}, 'leftBlinker': False, 'rightBlinker': False, 'vEgo': 10.694662094116211, 'vEgoCluster': 10.694662094116211, 'leftBlindspot': False, 'rightBlindspot': False, 'standstill': False, 'steeringAngleDeg': -0.20000000298023224, 'steeringTorque': 0.0, 'steeringPressed': False, 'gasPressed': False, 'brakePressed': False, 'canValid': True, 'gearShifter': 'drive', 'steerFaultTemporary': False, 'steerFaultPermanent': False, 'dongle_id': 'UnregisteredDevice', 'timestamp': 1757518003.752928, 'vEgo_kmh': 38.50078353881836, 'aEgo_ms2': -0.5813302993774414}
📤 Enviando a telemetry_mqtt/UnregisteredDevice/controlsState: {'active': True, 'alertSize': 'none', 'alertStatus': 'normal', 'alertBlinkingRate': 0.0, 'alertSound': 'none', 'vCruise': 145.0, 'longControlState': 'pid', 'vTargetLead': 0.0, 'upAccelCmd': -0.0, 'uiAccelCmd': 0.0, 'ufAccelCmd': -1.4036283493041992, 'aTarget': 0.0, 'cumLagMs': -6.04509973526001, 'experimentalMode': True, 'personality': 'relaxed', 'dongle_id': 'UnregisteredDevice', 'timestamp': 1757518003.753223}
📤 Enviando a telemetry_mqtt/UnregisteredDevice/liveCalibration: {'calStatus': 'calibrated', 'calPerc': 100, 'dongle_id': 'UnregisteredDevice', 'timestamp': 1757518003.753492}
📤 Enviando a telemetry_mqtt/UnregisteredDevice/gpsLocationExternal: {'latitude': 32.75389398926706, 'longitude': -117.20941059619048, 'altitude': 0.0, 'dongle_id': 'UnregisteredDevice', 'timestamp': 1757518003.7535944, 'gps_valid': True, 'gps_coords': '32.753894,-117.209411'}
📤 Enviando a telemetry_mqtt/UnregisteredDevice/navInstruction: {'distanceRemaining': 0.0, 'maneuverDistance': 0.0, 'speedLimit': 0.0, 'timeRemaining': 0.0, 'dongle_id': 'UnregisteredDevice', 'timestamp': 1757518003.7537057}
📤 Enviando a telemetry_mqtt/UnregisteredDevice/radarState: {'radarErrors': [], 'dongle_id': 'UnregisteredDevice', 'timestamp': 1757518003.753864}
📤 Enviando a telemetry_mqtt/UnregisteredDevice/drivingModelData: {'laneLineMeta': {'leftY': -2.121121644973755, 'rightY': 1.2113258838653564, 'leftProb': 0.12237805128097534, 'rightProb': 0.2036828100681305}, 'dongle_id': 'UnregisteredDevice', 'timestamp': 1757518003.7539861}
📤 Enviando a telemetry_mqtt/UnregisteredDevice/carControl: {'actuators': {'gas': 0.0, 'brake': 0.0, 'steer': 0.8422245383262634, 'steeringAngleDeg': 0.786590039730072, 'accel': -2.5734646320343018, 'longControlState': 'pid', 'speed': 0.0, 'curvature': -0.0008988301269710064, 'steerOutputCan': 0.0}, 'hudControl': {'speedVisible': True, 'setSpeed': 40.27777862548828, 'lanesVisible': True, 'leadVisible': False, 'visualAlert': 'none', 'audibleAlert': 'none', 'rightLaneVisible': True, 'leftLaneVisible': True, 'rightLaneDepart': False, 'leftLaneDepart': False, 'leadDistanceBars': 3}, 'dongle_id': 'UnregisteredDevice', 'timestamp': 1757518004.7548594, 'setSpeed_ms': 40.27777862548828, 'setSpeed_kmh': 145.00000305175783}
🚗 VELOCIDAD: 6.90 m/s = 24.8 km/h
📤 Enviando a telemetry_mqtt/UnregisteredDevice/carState: {'aEgo': -5.091538906097412, 'cruiseState': {'enabled': True, 'speed': 0.0, 'available': True, 'speedOffset': 0.0, 'standstill': False, 'nonAdaptive': False, 'speedCluster': 0.0, 'speedLimit': 0.0}, 'leftBlinker': False, 'rightBlinker': False, 'vEgo': 6.90023136138916, 'vEgoCluster': 6.90023136138916, 'leftBlindspot': False, 'rightBlindspot': False, 'standstill': False, 'steeringAngleDeg': -0.20000000298023224, 'steeringTorque': 0.0, 'steeringPressed': False, 'gasPressed': False, 'brakePressed': False, 'canValid': True, 'gearShifter': 'drive', 'steerFaultTemporary': False, 'steerFaultPermanent': False, 'dongle_id': 'UnregisteredDevice', 'timestamp': 1757518004.7553103, 'vEgo_kmh': 24.840832901000976, 'aEgo_ms2': -5.091538906097412}
📤 Enviando a telemetry_mqtt/UnregisteredDevice/controlsState: {'active': True, 'alertSize': 'none', 'alertStatus': 'normal', 'alertBlinkingRate': 0.0, 'alertSound': 'none', 'vCruise': 145.0, 'longControlState': 'pid', 'vTargetLead': 0.0, 'upAccelCmd': 0.0, 'uiAccelCmd': 0.0, 'ufAccelCmd': -2.5734646320343018, 'aTarget': 0.0, 'cumLagMs': -3.9292027950286865, 'experimentalMode': True, 'personality': 'relaxed', 'dongle_id': 'UnregisteredDevice', 'timestamp': 1757518004.7556703}
📤 Enviando a telemetry_mqtt/UnregisteredDevice/liveCalibration: {'calStatus': 'calibrated', 'calPerc': 100, 'dongle_id': 'UnregisteredDevice', 'timestamp': 1757518004.7557933}
📤 Enviando a telemetry_mqtt/UnregisteredDevice/gpsLocationExternal: {'latitude': 32.753990962457365, 'longitude': -117.20940939768889, 'altitude': 0.0, 'dongle_id': 'UnregisteredDevice', 'timestamp': 1757518004.7560444, 'gps_valid': True, 'gps_coords': '32.753991,-117.209409'}
📤 Enviando a telemetry_mqtt/UnregisteredDevice/navInstruction: {'distanceRemaining': 0.0, 'maneuverDistance': 0.0, 'speedLimit': 0.0, 'timeRemaining': 0.0, 'dongle_id': 'UnregisteredDevice', 'timestamp': 1757518004.756161}
📤 Enviando a telemetry_mqtt/UnregisteredDevice/radarState: {'radarErrors': [], 'dongle_id': 'UnregisteredDevice', 'timestamp': 1757518004.7563586}
📤 Enviando a telemetry_mqtt/UnregisteredDevice/drivingModelData: {'laneLineMeta': {'leftY': -2.114556312561035, 'rightY': 1.2822902202606201, 'leftProb': 0.5711700916290283, 'rightProb': 0.5921372175216675}, 'dongle_id': 'UnregisteredDevice', 'timestamp': 1757518004.7566082}
📤 Enviando a telemetry_mqtt/UnregisteredDevice/carControl: {'actuators': {'gas': 0.0, 'brake': 0.0, 'steer': 1.0, 'steeringAngleDeg': 2.616666555404663, 'accel': -2.698469638824463, 'longControlState': 'pid', 'speed': 0.0, 'curvature': -0.0017740861512720585, 'steerOutputCan': 0.0}, 'hudControl': {'speedVisible': True, 'setSpeed': 40.27777862548828, 'lanesVisible': True, 'leadVisible': False, 'visualAlert': 'none', 'audibleAlert': 'none', 'rightLaneVisible': True, 'leftLaneVisible': True, 'rightLaneDepart': False, 'leftLaneDepart': False, 'leadDistanceBars': 3}, 'dongle_id': 'UnregisteredDevice', 'timestamp': 1757518005.75801, 'setSpeed_ms': 40.27777862548828, 'setSpeed_kmh': 145.00000305175783}
🚗 VELOCIDAD: 2.26 m/s = 8.1 km/h
📤 Enviando a telemetry_mqtt/UnregisteredDevice/carState: {'aEgo': -4.812880516052246, 'cruiseState': {'enabled': True, 'speed': 0.0, 'available': True, 'speedOffset': 0.0, 'standstill': False, 'nonAdaptive': False, 'speedCluster': 0.0, 'speedLimit': 0.0}, 'leftBlinker': False, 'rightBlinker': False, 'vEgo': 2.2617781162261963, 'vEgoCluster': 2.2617781162261963, 'leftBlindspot': False, 'rightBlindspot': False, 'standstill': False, 'steeringAngleDeg': 0.10000000149011612, 'steeringTorque': 0.0, 'steeringPressed': False, 'gasPressed': False, 'brakePressed': False, 'canValid': True, 'gearShifter': 'drive', 'steerFaultTemporary': False, 'steerFaultPermanent': False, 'dongle_id': 'UnregisteredDevice', 'timestamp': 1757518005.7585223, 'vEgo_kmh': 8.142401218414307, 'aEgo_ms2': -4.812880516052246}
📤 Enviando a telemetry_mqtt/UnregisteredDevice/controlsState: {'active': True, 'alertSize': 'none', 'alertStatus': 'normal', 'alertBlinkingRate': 0.0, 'alertSound': 'none', 'vCruise': 145.0, 'longControlState': 'pid', 'vTargetLead': 0.0, 'upAccelCmd': 0.0, 'uiAccelCmd': 0.0, 'ufAccelCmd': -2.698469638824463, 'aTarget': 0.0, 'cumLagMs': -6.210327625274658, 'experimentalMode': True, 'personality': 'relaxed', 'dongle_id': 'UnregisteredDevice', 'timestamp': 1757518005.7589087}
📤 Enviando a telemetry_mqtt/UnregisteredDevice/liveCalibration: {'calStatus': 'calibrated', 'calPerc': 100, 'dongle_id': 'UnregisteredDevice', 'timestamp': 1757518005.7590292}
📤 Enviando a telemetry_mqtt/UnregisteredDevice/gpsLocationExternal: {'latitude': 32.75403910439462, 'longitude': -117.20940864274122, 'altitude': 0.0, 'dongle_id': 'UnregisteredDevice', 'timestamp': 1757518005.759232, 'gps_valid': True, 'gps_coords': '32.754039,-117.209409'}
📤 Enviando a telemetry_mqtt/UnregisteredDevice/navInstruction: {'distanceRemaining': 0.0, 'maneuverDistance': 0.0, 'speedLimit': 0.0, 'timeRemaining': 0.0, 'dongle_id': 'UnregisteredDevice', 'timestamp': 1757518005.759407}
📤 Enviando a telemetry_mqtt/UnregisteredDevice/radarState: {'radarErrors': [], 'dongle_id': 'UnregisteredDevice', 'timestamp': 1757518005.75958}
📤 Enviando a telemetry_mqtt/UnregisteredDevice/drivingModelData: {'laneLineMeta': {'leftY': -1.9511409997940063, 'rightY': 1.4143223762512207, 'leftProb': 0.34980151057243347, 'rightProb': 0.3593980669975281}, 'dongle_id': 'UnregisteredDevice', 'timestamp': 1757518005.759702}
📊 Resumen de telemetría enviado: telemetry_mqtt/UnregisteredDevice/resumen_principal
